shop_id,shop_name,address,menus,categories,facilities,awards
6tp2Yw-2ZDC3NQGiAePXCg,미림양장 선릉,서울특별시 강남구 선릉로86길 30,,"중식,요리주점","콜키지 프리,반려동물,단체,아기의자,무선인터넷,웰컴키즈존,콜키지,대관",
AJqEIIKFkAT5pfjOy5nAtg,사색,서울특별시 강남구 언주로81길 57 1층,,"코스요리,한식","발렛,단체,아기의자,무선인터넷,예약금 0원 결제,웰컴키즈존,콜키지,대관",
SMZjOBCSO88v3ipotdNbXQ,반가흑돈 역삼점,서울특별시 강남구 테헤란로13길 18 우진빌딩 1층,,"한식,육류,고기요리,기타 오마카세","주차,노키즈존,단체,무선인터넷,콜키지,대관",
fHNKgfzNSGRgwmfs4q-rgg,금복당 코엑스 스타필드점,서울특별시 강남구 영동대로 513 코엑스 지하1층 P103호,"MEAT,TAPAS 간단메뉴,SOUP,SIDE,SEAFOOD,LUNCH,temp,temp,temp,temp,temp,temp,쭈꾸미볶음,생선구이정식,육회 비빔밥,명태식해수육,게살 크림 고로케,추억의 옛날 떡볶이,피문어통데침 소,피문어통데침 대,포항식물회,제철생선탕,자연산제철회,가자미튀김,참골뱅이,명태식해수육 대,명태식해수육 소,돼지찌개,생대구지리 대,존슨탕,생대구지리 소,묵은지와 명태식해,생감자전 한장,문어라면,명란구이,추억의 옛날 떡볶이,가자미식해와 함께 먹는 김밥,게살 크림 고로케,트러플감자튀김,생감자전,포항식물회,포항식물회 특,가자미와 전복이 들어간 ""보양미역국 정식"",통영산 멍게 비빔밥,육전,문어삼합","한정식,한식,해물,생선요리",주차,
cIt6tloPFp4QqG4SN7WBrg,일품헌 역삼점,서울특별시 강남구 언주로93길 30 역삼빌딩 1층,,샤브샤브,"주차,콜키지 프리,장애인 편의시설,반려동물,발렛,발렛,단체,아기의자,무선인터넷,웰컴키즈존,콜키지",
gcUcitY4xZXASUZhhUH_FQ,삼미미,서울특별시 강남구 논현로87길 41 신일유토빌 1층,,"와인,전통주,칵테일,위스키","발렛,주차,콜키지 프리,단체,무선인터넷,콜키지,대관",
lTQL-_zLKZIDrh3GEsSe7A,크라운족발 강남직영점,서울특별시 강남구 강남대로118길 25 지하1층 크라운족발,,"족발,보쌈","단체,무선인터넷,예약금 0원 결제",
rngq392i8TDlHsewkE9gIg,더기와 압구정본점,서울특별시 강남구 선릉로155길 15 1층,,"한식,백반,가정식,전통주,요리주점","반려동물,발렛,대기공간,예약금 0원 결제,웰컴키즈존,웰컴키즈존,단체,무선인터넷,콜키지",
YfgfVuBOvIvAShmr840eug,매쎄 Mésse,서울 강남구 논현로32길 5 101호,,"프랑스음식,코스요리","주차,노키즈존,자동결제,단체,무선인터넷,예약금 0원 결제,콜키지,대관",
EJwuai5C86okUHw0V6e1wQ,청담생골뱅이 신사역본점,서울특별시 강남구 도산대로17길 4 B1,,"맥주,호프,요리주점","반려동물,자동결제,단체,대기공간,무선인터넷,대관",
RS3JKsp9gPhSe0Ee41Mkew,도시문,서울특별시 강남구 남부순환로351길 4 도곡동 STAY77 지하 1층,,"다이닝바,유러피안음식,주점,와인,칵테일,위스키","장애인 편의시설,주차,단체,무선인터넷,콜키지,대관",
kmBQ3yNh0P_lcWKgIzCQ3w,용용선생 논현점,"서울특별시 강남구 학동로2길 54 1층, 2층",,"중식,주점,요리주점","단체,대기공간,무선인터넷,콜키지",
rIa2KUVL3mXSdC_f_SrCpw,키노에다,서울특별시 강남구 논현로38길 34 2층,,"일식,해물,생선요리,회,사시미,이자카야","단체,무선인터넷,대관",
Z5U5BmNDp1JmASXB6yak6Q,대가한우육회 강남논현점,서울특별시 강남구 강남대로112길 49 1층,,"요리주점,한식,육류,고기요리","주차,예약금 0원 결제,단체,무선인터넷,전문 소믈리에,콜키지,대관",
Mxj35PD10ApEgH_AkcT8yw,노엘베 압구정점,서울특별시 강남구 도산대로51길 39 3층,,양식,"반려동물,자동결제,단체,무선인터넷",
U4M7zqkd56FjEu6xBcIeMg,오붓금복당,서울 강남구 도산대로90길 13 1층,"Lunch menu,Dinner menu,Side menu,temp,temp,통영산 멍게 비빔밥,육회 비빔밥,김치찌개,쭈꾸미 볶음,포항식물회,가자미와 전복이 들어간 보양미역국 정식,저염명란젓,추억의 옛날 떡볶이,명태식해수육,모듬젓갈,가자미튀김,  피문어통데침 소,참골뱅이,제철생선탕/샤브샤브,자연산제철사시미,피문어통데침 대,문어샐러드,가자미 양념구이,특,가자미식해,문어삼합","한식,해물,생선요리,해물(탕/찜/볶음),회,사시미,전통주","대관,노키즈존,발렛,콜키지",
F96Z5HFHDxtpAN7_OO3P2Q,아메리칸 테이블,서울특별시 강남구 영동대로112길 66 아메리칸스탠다드바쓰하우스빌딩 1층,"스테이크,피자,파스타,샐러드,버거 & 브런치,사이드,리조또,temp,temp,temp,temp,temp,temp,temp,스파이시 크림 베이컨 리조또,아보카도,쉬림프 샐러드,소프트 바게트,리코타 햄 피자,시금치 고르곤졸라 피자,치킨 샐러드,파프리카 샐러드,올리브,감자튀김,버팔로윙,이베리코 등심,해산물 레몬오일,볼로네즈,치폴레 버거,까르보나라,아메리칸 브런치,채끝 등심,쉬림프 깔라마리 리조또","디저트,카페,아메리칸음식,이탈리아음식,카페 & 베이커리,브런치,피자,파스타,스테이크,립","주차,단체,무선인터넷,콜키지,대관",
Z2yZUACehZCs9LEEZMhyvg,정참치 선릉역본점,서울특별시 강남구 삼성로81길 22 한정빌딩 1층 103호,,"회,사시미,참치회",무선인터넷,
xOwMxky7hOv6E5d_0tk0vA,스시사카바 산원,서울특별시 강남구 선릉로100길 42 LG선릉에클라트 1층 2호,,"일식,해물,생선요리,이자카야","주차,예약금 0원 결제,노키즈존",
v9glwZ3fQKFmWcQjrvq3pQ,센티맷,서울특별시 강남구 남부순환로378길 34-10 1층(도곡동),,"주점,브런치,와인","예약금 0원 결제,콜키지,단체,무선인터넷",
C3Q3j1IoP58FbHuWz3L3BQ,태백식당 선정릉본점,서울특별시 강남구 봉은사로49길 7 1층,,"주점,이자카야,요리주점","단체,무선인터넷,대관",
Fs4PdtT-4pWFnECP2Zzo3A,화랑불닭발 강남점,서울특별시 강남구 강남대로118길 19,,"닭 요리,주점,육류,고기요리,요리주점","장애인 편의시설,단체,무선인터넷,대관",
b1PBHJFpUI4UxaVDctWJGQ,도리도리 압구정로데오본점,서울특별시 강남구 압구정로50길 7 정동상가 1층 5호,,"한식,닭 요리,찌개,전골","콜키지 프리,반려동물,자동결제,단체,대기공간,무선인터넷,콜키지,대관",
cJYawtKTRHWunsd6n-Nxvg,양마니,서울특별시 강남구 도산대로56길 16 1층,,"한식,육류,고기요리,곱창,막창,소고기구이","콜키지 프리,발렛,단체,콜키지",
i0k0U0crEmsieVdDOXKWXg,거나하게,서울특별시 강남구 도곡로3길 19 서희스타힐스오피스텔,,"주점,전통주,요리주점","주차,무선인터넷,전문 소믈리에,대관",
59NcSvPt9d6jVNPl6ZYMFQ,치즈룸X멜팅샵 코엑스 파르나스몰,서울특별시 강남구 테헤란로 521 파르나스타워 지하1층,,"이탈리아음식,디저트,카페,이탈리아음식,카페 & 베이커리,파스타","예약금 0원 결제,주차,단체,무선인터넷,웰컴키즈존,콜키지",
XzI-fVZKPfVNFngjp_028g,유라멘 강남신논현역본점,서울특별시 강남구 봉은사로4길 32,,라멘,"장애인 편의시설,단체,대기공간,무선인터넷",
D3DiOJCGTUvEY5cj8Zdcnw,이롭 도산,서울특별시 강남구 언주로149길 5 지하1층,,"한식,퓨전음식,양식,일식","발렛,단체,무선인터넷,콜키지,대관",
FSStkDt3F3ZreCSUWStJyg,우주옥,서울특별시 강남구 도산대로70길 9 1층,,"한식,냉면","발렛,무선인터넷,콜키지",
Na6hV5AX82f0RG4AW9SA6w,사계절 이모카세,서울특별시 강남구 언주로168길 5 지미안빌딩 1층,,"한식,기타 오마카세,레스토랑,코스요리","주차,발렛,단체,무선인터넷",
Qvt1c1Arx6mAeWSw6pYjWQ,삼원가든 별채,서울특별시 강남구 언주로 833 1층,,"한식,육류,고기요리,소고기구이,파인다이닝","장애인 편의시설,발렛,자동결제,단체,아기의자,대기공간,무선인터넷,웰컴키즈존,콜키지,대관",
iDhXowPL81WF5LAaU-91Xg,와인강,서울특별시 강남구 강남대로 272 도곡푸르지오 1층,,와인,"주차,콜키지,전문 소믈리에,대관",
2S1VwlApFUl45PZH2uQrpg,안안 강남직영점,서울특별시 강남구 강남대로92길 31  1층,,"아시아음식,베트남음식","아기의자,무선인터넷",
JWPq4cWZ9gwfZ-nnNOKMDQ,태오,서울특별시 강남구 언주로147길 18 1층 102호,,"일식,기타 오마카세,스시오마카세","주차,장애인 편의시설,무선인터넷,전문 소믈리에,대관",
Mb-7xXwv-0u7mJb6BGMLwA,나라원테이블 ,서울특별시 강남구 논현로152길 9 6층,,레스토랑,"콜키지 프리,발렛,발렛,자동결제,단체,무선인터넷,콜키지,대관",
3639lnY-wdQY1G9LFwj4SA,유로세븐틴 청담점,서울특별시 강남구 선릉로 646 지하1층,,"닭 요리,피자","주차,발렛,발렛,자동결제,단체,무선인터넷,콜키지,대관",
-TGtyNaLMUojYxlqgDjPwA,델베로(Del vero),서울특별시 강남구 선릉로148길 48-18 2층,,,"노키즈존,레터링,발렛,자동결제,단체,무선인터넷,전문 소믈리에,대관",
d7r3qSKdg5cZ7BABs-O5cg,이화옥,서울특별시 강남구 테헤란로83길 40 재경빌딩 1층,,"육류,고기요리","주차,콜키지 프리,장애인 편의시설,발렛,콜키지,단체,무선인터넷,대관",
DSpVPOw0oxCuxh3BJXeNwg,설야갈비 청담,"서울 강남구 선릉로152길 18 1F,2F",,"한식,육류,고기요리,와인,소고기구이","콜키지 프리,발렛,자동결제,아기의자,웰컴키즈존,콜키지",
c8K1rhtDYCXnw2s6bkutlQ,하츠코이 오카,서울 강남구 강남대로 240 SK허브프리모빌딩 1층 하츠코이 오카,"temp,temp,메로 구이,꼬치 구이 7PCS,모듬 튀김,하츠코이 사시미,나가사키 짬뽕,소고기 타다끼,모듬 사시미","일식,주점,해물,생선요리,회,사시미,이자카야","무선인터넷,콜키지,주차",
c77tfnJbHs-XinEafzkQaA,꼬끄더그릴,서울특별시 강남구 강남대로154길 10 1층,,닭 요리,"장애인 편의시설,반려동물,자동결제,단체,아기의자,대기공간,무선인터넷,웰컴키즈존,대관",
N9VqA7zjhg5r8qDCTIzcFA,더코너하우스,서울특별시 강남구 도산대로49길 6-7 1층,,"양식,육류,고기요리,스테이크,립,와인,칵테일,위스키","발렛,발렛,자동결제,단체,무선인터넷,예약금 0원 결제,콜키지,대관",
rym8kE03hrbU_Yj5jSu5Zg,차돌박힌 쭈꾸미 선릉점,서울특별시 강남구 선릉로93길 8 1층 104호,,"해물,생선요리,해물(탕/찜/볶음)","주차,콜키지 프리,장애인 편의시설,단체,대기공간,무선인터넷,웰컴키즈존,콜키지,대관",
4xfO1b3Pvlb93hRyRVwRww,다이닝 나리,서울특별시 강남구 삼성로149길 13 4층,,"코스요리,퓨전음식,기타 오마카세","반려동물,예약금 0원 결제,대관,콜키지 프리,발렛,단체,무선인터넷,콜키지",
8_9w3Of-j5BvufKhb7tBqA,지직 선릉점,서울특별시 강남구 삼성로85길 33 1층,,"일식,파스타,기타 오마카세,야키토리","주차,반려동물,단체,무선인터넷,예약금 0원 결제,전문 소믈리에,콜키지,대관",
IHzQIbPAvld7qnV6DSeO4w,부대찌개대사관 선릉직영점,서울특별시 강남구 선릉로86길 24 남양빌딩,,"한식,찌개,전골","단체,대기공간,무선인터넷",
GUdgyPpn-M7IigzZ8UC9kg,가히 쿠킹클래스,서울특별시 강남구 봉은사로49길 12 코리아테크 빌딩,,"다이닝바,주점",노키즈존,
owoFKSyW7rcAm8eaZ5gocw,미엘 청담,서울특별시 강남구 도산대로67길 13-12 퍼즐하우스,,"이탈리아음식,양식,브런치,피자,파스타,와인,카페","반려동물,발렛,단체,아기의자,무선인터넷,웰컴키즈존,콜키지,대관",
QiDt_XUexTmqS5U77-1uTw,이타마에스시 도곡점,"서울 강남구 언주로30길 21 B동 상가동 1층 102,103호",,"일식,스시,초밥","주차,콜키지",
5dhPZENQqBtqgszxQPcwng,미림양장 압구정 ,서울특별시 강남구 언주로168길 40 지하 1층,,"중식,육류,고기요리,오리 요리,다이닝바,요리주점","주차,콜키지 프리,발렛,단체,아기의자,무선인터넷,웰컴키즈존,콜키지,대관",
6aD5W2iDUPaDbCoNt35X4A,야키토리 요이야마,서울특별시 강남구 도산대로17길 8 1층,,"일식,이자카야,야키토리","발렛,단체,콜키지,대관",
X8XnLKS8uRXEp7WjgPiN1g,삼산회관 강남역점,서울특별시 강남구 역삼로3길 8 1층,,"한식,육류,고기요리,돼지고기구이","주차,콜키지 프리,발렛,단체,무선인터넷,콜키지",
s79uqDddmj0cUKMnzaOXgA,온다,서울특별시 강남구 압구정로42길 24-5 3층,,"퓨전음식,주점,요리주점","주차,발렛,발렛,자동결제,단체,무선인터넷,콜키지,대관",
cQGoOJLoaPxst3tfOOTwBA,에이스크랩 강남점,서울특별시 강남구 언주로98길 39-5 1층,,"아시아음식,게, 랍스터","주차,단체,무선인터넷,콜키지",
2OtOBYlBdexYblWCMuwmcw,낙타브루잉 강남본점,서울특별시 강남구 강남대로106길 14 지하1층,,"주점,피자,맥주,호프","단체,무선인터넷,대관",
F3wruGk0BEXJ_86jmszrKA,르브런쉭 대치점,서울특별시 강남구 삼성로 350 서울빌딩 1층,,"유러피안음식,브런치,와인","콜키지 프리,발렛,단체,무선인터넷,콜키지",
bXQCliT4OyqyilGhstFj-Q,강남철판요리,서울특별시 강남구 압구정로28길 9-2,,"일식,육류,고기요리","웰컴키즈존,주차,레터링,반려동물,발렛,단체,무선인터넷,콜키지,대관",
6aBYmhUXb0YygPNZKSQLwQ,그리노 도산,서울특별시 강남구 선릉로161길 12 1층,,"다이닝바,유러피안음식,주점,와인","노키즈존,예약금 0원 결제,반려동물,발렛,무선인터넷,콜키지",
QCeaID66Ok1Lhm9OM_4fmA,DPM SEOUL,서울특별시 강남구 선릉로155길 13,,"스페인음식,양식,파스타,스테이크,립,와인,칵테일,위스키,다이닝바","주차,레터링,반려동물,발렛,단체,무선인터넷,예약금 0원 결제,전문 소믈리에,콜키지,대관",
bMFMCuxAiQkxl7Zv3Yct5Q,더키친,서울특별시 강남구 언주로134길 13 2층,,"양식,코스요리","주차,발렛,자동결제,단체,무선인터넷,예약금 0원 결제,전문 소믈리에,콜키지,대관",
6YW6imu1IPVora3yfw5A7w,조인바이트,서울특별시 강남구 봉은사로68길 8 DECKS 빌딩 1층,,"컨템포러리,이탈리아음식,피자,파스타,와인","예약금 0원 결제,전문 소믈리에,주차,반려동물,발렛,단체,무선인터넷,콜키지,대관",
EMMoaJYzgXq8Rp3oHcmzKQ,타이쇼,서울특별시 강남구 강남대로42길 16 지하1층,,"일식,회,사시미,이자카야,야키토리","콜키지 프리,대관,단체,무선인터넷,콜키지",
3GeYB3QT7z0-YV0D87ZL2w,모스가든(굿사마리안레시피 레스토랑 & 세인트루크마리 카페),서울특별시 강남구 논현로139길 12 매스메스에이지,,"디저트,카페,유러피안음식,카페 & 베이커리,브런치","콜키지 프리,예약금 0원 결제,주차,반려동물,발렛,대기공간,무선인터넷,콜키지,대관",
FlmlDKHLDd2NfxkpJY9yiA,어제연 청담,서울특별시 강남구 압구정로79길 19 레인 에비뉴 2층 201호,,"해물,생선요리,소고기구이,장어 요리","발렛,단체,아기의자,무선인터넷,웰컴키즈존,대관",
pdRkiqy35WhIRzHEXgxohQ,야키도리 수다,서울특별시 강남구 테헤란로87길 57 지하1층,,"닭 요리,이자카야,야키토리","발렛,무선인터넷,웰컴키즈존,콜키지,대관",
mHAHmXVAJDgAJpWantykww,파씨오네,서울특별시 강남구 언주로164길 39 2층,,"코스요리,파인다이닝,프랑스음식","예약금 0원 결제,발렛,단체,무선인터넷,콜키지",
7OYCKcGiqQinpPUSwJjDug,쉬즈베이글랩,서울특별시 강남구 논현로131길 41 1층,,"카페 & 베이커리,브런치,디저트,카페","주차,레터링,단체,대기공간,무선인터넷,대관",
ZGRTy5A0SLvuHvED8fodlw,몰튼스 더 스테이크 하우스,서울특별시 강남구 봉은사로 524 웨스틴 서울 파르나스 2층,,"양식,육류,고기요리,레스토랑,스테이크,립,소고기구이","레터링,자동결제,단체,아기의자,무선인터넷,예약금 0원 결제,전문 소믈리에,웰컴키즈존,대관",
msGsV5Mae0LGCUiwujDf2Q,사리원 도곡점,서울특별시 강남구 남부순환로 2712,,"국수,냉면,한식,육류,고기요리","콜키지,발렛,단체",
eeTdPmeswsYNiW60joj-KA,야키토리 요이사,서울특별시 강남구 논현로175길 101 1층,,"육류,고기요리,야키토리","노키즈존,단체,콜키지,대관",
xaLUbtEn0lpZu2RyKw-nEw,이음터,서울특별시 강남구 선릉로94길 15 지하1층,,"한정식,코스요리,한식,퓨전음식","웰컴키즈존,주차,단체,아기의자,대기공간,무선인터넷,콜키지,대관",
ll3R_CS9VKsUrQKfnYPhnw,이원일 식탁,서울특별시 강남구 압구정로79길 37-6,,"한식,주점,전통주,요리주점","콜키지 프리,무선인터넷,콜키지,대관",
OSn0xoHWXbQXlgzj3y2AgQ,숙성회사랑,서울특별시 강남구 도산대로49길 12 2층,,"해물,생선요리,회,사시미,게, 랍스터","발렛,단체,무선인터넷,콜키지,대관",
DgWGMtTChyhA3c4ENvXojQ,워너비대구 강남역본점,서울특별시 강남구 테헤란로1길 28-5 2층,,"주점,육류,고기요리,곱창,막창,요리주점","주차,콜키지 프리,자동결제,단체,무선인터넷,콜키지,대관",
Ut85pr-CAR8o2H4IMrBevg,바다돌섬 신사역 가로수길점,서울특별시 강남구 도산대로15길 9 2층,,"한식,일식,이자카야","반려동물,발렛,단체,무선인터넷,웰컴키즈존,대관,콜키지",
9WThbl-J4IZiGOMOvGzZvA,오기 Ogi,서울 강남구 논현로151길 17,,"한식,일식,육류,고기요리,와인,이자카야,소고기구이,다이닝바","발렛,단체,무선인터넷,콜키지,대관",
L5h-VJ8pt6wHz5_sDjxmjQ,두지엠아라크렘,서울특별시 강남구 논현로142길 13 씨꼴빌딩 1층,,"코스요리,다이닝바,유러피안음식,주점,파스타,와인","예약금 0원 결제,콜키지,무선인터넷,대관",
_qAJrF-wFBtWsluH0tiKzQ,칙바이칙 선릉역점,서울특별시 강남구 선릉로 523 유림빌딩 1층,,"닭 요리,아메리칸음식","단체,아기의자,대기공간,무선인터넷",
KVkJZa_1fIBz2tRo7ATrVA,몽키 테라스 카페 앤 펍,서울특별시 강남구 압구정로50길 25 2층,,"주점,카페 & 베이커리,요리주점,카페","노키즈존,단체,무선인터넷,대관",
Trnov4Pcd52AIk6EVC1omQ,피크베크,서울특별시 강남구 개포로22길 72 노블리스 주 빌딩 1층,,"이탈리아음식,브런치,파스타,와인","단체,아기의자,무선인터넷,대관",
yV2_auUdesaitgbBuhBESA,강남연가 ,서울특별시 강남구 봉은사로82길 31 예논빌딩 2층,,"중식,해물,생선요리","주차,장애인 편의시설,발렛,자동결제,단체,대기공간,무선인터넷,대관",
3YNS84nHSBCumq6ixIl-ew,GRee:E 그리에(Secret Room),서울 강남구 도산대로59길 13 6층 그리에,,"코스요리,컨템포러리,프랑스음식","반려동물,단체,아기의자,예약금 0원 결제,레터링,발렛,자동결제,무선인터넷,전문 소믈리에,웰컴키즈존,콜키지,대관","10월 히든플레이스 선정,11월 히든플레이스 선정,11월 히든플레이스 선정,12월 히든플레이스 선정,2025 레드리본 전국의 맛집,첫 예약 할인,꽃 주문 서비스 ,캐치포인트 적립"
-hXNeBWRu-dQfbDh3Am60A,제철소,서울특별시 강남구 도산대로68길 11 웅찬빌딩 2층,,"한식,주점,해물,생선요리,전통주,다이닝바","무선인터넷,예약금 0원 결제,전문 소믈리에,발렛,자동결제,단체,콜키지,대관","10월 히든플레이스 선정,12월 히든플레이스 선정,농심면가 60,발렌타인 맛집,화이트데이 맛집,가정의달 맛집,모임 추천 맛집,첫 예약 할인,9월 캐치위크,리미티드위크,캐치포인트 적립,앵콜 리미티드"
JXwiLX-Bul4EQ49hyvX4nw,도산회관,서울특별시 강남구 도산대로45길 8-7 지하 1층,,"한식,해물,생선요리,육류,고기요리,와인,소고기구이","콜키지 프리,예약금 0원 결제,노키즈존,발렛,자동결제,단체,무선인터넷,콜키지,대관","10월 히든플레이스 선정,12월 히든플레이스 선정,위스키 페어링 맛집,예약 성공 보장,첫 예약 할인,꽃 주문 서비스 ,리미티드위크,캐치포인트 적립,앵콜 리미티드"
MmsKKu1aECCbOoJ6rlEAIQ,이도청담,서울특별시 강남구 도산대로 445 M빌딩,,"이탈리아음식,양식,파스타,코스요리,컨템포러리,와인,파인다이닝","레터링,아기의자,예약금 0원 결제,웰컴키즈존,발렛,자동결제,단체,무선인터넷,전문 소믈리에,콜키지,대관","10월 히든플레이스 선정,7월 저장 TOP 30,12월 히든플레이스 선정,화이트데이 맛집,2025 레드리본 전국의 맛집,첫 예약 할인"
ismFbcBRK42FfOpwb6kLCA,한우오마카세 청담 우월,서울특별시 강남구 도산대로67길 7 파크빌딩 지하1층,,"한식,육류,고기요리,레스토랑,와인,한우오마카세,소고기구이","콜키지 프리,예약금 0원 결제,레터링,발렛,단체,아기의자,무선인터넷,웰컴키즈존,콜키지,대관","10월 히든플레이스 선정,[하트시그널] 3회차,12월 히든플레이스 선정,백종원 방문,가정의달 맛집,리미티드위크,앵콜 리미티드"
4Ih_bpgZ7D_mRxUq6pCLmQ,멜로우가든 강남점,서울특별시 강남구 강남대로110길 15 1층 102호,,"다이닝바,유러피안음식,퓨전음식,주점","자동결제,위스키 주문,예약금 0원 결제,와인주문,단체,무선인터넷,콜키지","10월 히든플레이스 선정,스텔라 인증 BEST 생맥주,위스키 페어링 맛집,예약 성공 보장,첫 예약 할인,노르웨이 연어 위크,빗썸 행운 맛집,국내 최저가 위스키"
NrP-NC_GBGeAMPCmuFXe1Q,W가나,서울특별시 강남구 도산대로49길 20 2층,"temp,temp,한우,사시미 오마카세","한식,육류,고기요리,코스요리,와인,한우오마카세,소고기구이,파인다이닝","콜키지 프리,콜키지 프리,무선인터넷,예약금 0원 결제,웰컴키즈존,대관,노키즈존,발렛,단체,콜키지","10월 히든플레이스 선정,위스키 페어링 맛집,가정의달 맛집,앵콜 리미티드,라스트 찬스"
GGcnUlOZ7UAg_et2piC-Bw,온화다이닝 도산점,서울특별시 강남구 선릉로153길 18 2층,,"한식,주점,코스요리,와인,전통주,다이닝바","노키즈존,예약금 0원 결제,발렛,자동결제,콜키지","11월 히든플레이스 선정,12월 히든플레이스 선정,1월 저장 TOP 30,2월 저장 TOP 30,3월 저장 TOP 30,4월 저장 TOP 30,발렌타인 맛집,화이트데이 맛집,가정의달 맛집,소비쿠폰 사용 가능,첫 예약 할인,꽃 주문 서비스 ,리미티드위크,앵콜 리미티드"
kuubD313eKWuhopEWZ3-OA,어슬청담(청담점),"서울특별시 강남구 도산대로57길 7, 지하 1층",,"한식,퓨전음식,주점,육류,고기요리,와인,전통주,다이닝바","예약금 0원 결제,대관,발렛,자동결제,단체,무선인터넷,콜키지","11월 히든플레이스 선정,12월 히든플레이스 선정,발렌타인 맛집,화이트데이 맛집,가정의달 맛집,모임 추천 맛집,첫 예약 할인,리미티드위크,앵콜 리미티드"
YUtYdsahwJDZpRv9Q3WftQ,스시미루,서울특별시 강남구 언주로170길 26-6 2층,,"일식,해물,생선요리,회,사시미,스시,초밥,와인,스시오마카세","예약금 0원 결제,노키즈존,발렛,자동결제,단체,무선인터넷,콜키지,대관","11월 히든플레이스 선정,12월 히든플레이스 선정,발렌타인 맛집,화이트데이 맛집,가정의달 맛집,첫 예약 할인,9월 캐치위크,리미티드위크,앵콜 리미티드,포인트 혜택"
B0Dj51dsNphChSDKxmREqQ,T6 Teppan Bistro,서울특별시 강남구 압구정로60길 26 6층,,"아시아음식,일식,해물,생선요리,코스요리,스테이크,립,와인,게, 랍스터","자동결제,위스키 주문,발렛,단체,콜키지,대관","11월 히든플레이스 선정,12월 히든플레이스 선정,위스키 페어링 맛집,소비쿠폰 사용 가능,모임 추천 맛집,첫 예약 할인,9월 캐치위크,리미티드위크,캐치포인트 적립,앵콜 리미티드,포인트 혜택,국내 최저가 위스키"
dlc5hhBjumVwDVhP4YNqqQ,민규,서울특별시 강남구 봉은사로84길 9 메트릭스빌딩 1층,,"코스요리,한식,육류,고기요리,샤브샤브,와인,한우오마카세,소고기구이","아기의자,예약금 0원 결제,웰컴키즈존,주차,콜키지 프리,레터링,단체,무선인터넷,콜키지,대관","11월 히든플레이스 선정,국내미식여행"
GKZu3SYbvJaAAGX0CYn-nQ,다이닝마,서울특별시 강남구 언주로152길 8 유일빌딩 2층,,"중식,해물,생선요리,육류,고기요리,오리 요리,코스요리,해물(탕/찜/볶음),파인다이닝","콜키지 프리,레터링,자동결제,예약금 0원 결제,웰컴키즈존,발렛,단체,아기의자,무선인터넷,전문 소믈리에,콜키지,대관","11월 히든플레이스 선정,발렌타인 맛집,예약 성공 보장,국내미식여행,첫 예약 할인,리미티드위크,캐치포인트 적립,앵콜 리미티드"
Pzz11nG3XKzBVpLmV0AVnw,우미학,서울특별시 강남구 압구정로30길 51 I.S.A 빌딩 2층,,"한식,육류,고기요리,한정식,코스요리,와인,소고기구이","아기의자,아기의자,예약금 0원 결제,웰컴키즈존,웰컴키즈존,콜키지 프리,발렛,단체,무선인터넷,콜키지,대관","11월 히든플레이스 선정,위스키 페어링 맛집,국내미식여행,모임 추천 맛집,9월 캐치위크,리미티드위크,앵콜 리미티드,라스트 찬스"
Ev7Xv6J1Hoj-8yvZ16LlmQ,버터플라이 스테이크하우스,서울특별시 강남구 가로수길 31-3 지상1층,,"코스요리,파인다이닝,유러피안음식,육류,고기요리,스테이크,립","주차,웰컴키즈존,레터링,장애인 편의시설,발렛,와인주문,자동결제,단체,무선인터넷,전문 소믈리에,콜키지,대관","12월 히든플레이스 선정,첫 예약 할인"
ROVKhbm91yTziRv7fvUAfA,무니,서울특별시 강남구 도산대로72길 16 1층,,"파인다이닝,일식,해물,생선요리,가이세키오마카세","예약금 0원 결제,발렛,콜키지","1스타 미쉐린가이드 서울 2025,Michelin Guide Selection,모임 추천 맛집,리미티드위크,앵콜 리미티드"
Mh2miaRrgtX4hkbQCAhjNw,바비레드 강남본점,서울특별시 강남구 봉은사로6길 39 리＆신 1층,,"이탈리아음식,퓨전음식,이탈리아음식,파스타,스테이크,립","유아시설,아기의자,웰컴키즈존,콜키지,대관,단체,대기공간,무선인터넷","1월 트래픽 급상승,꽃 주문 서비스 ,라스트 찬스"
VtxbmMo7M2DQlgxqNpXLRw,압구정면옥,서울특별시 강남구 압구정로30길 16 아크힐즈16 1층,,"냉면,한식,육류,고기요리,와인","콜키지 프리,아기의자,대관,주차,발렛,단체,무선인터넷,웰컴키즈존,콜키지",2025 레드리본 전국의 맛집
AXa4R-SvVQvY_qtzvLfDoQ,치보 강남신사점,서울특별시 강남구 강남대로154길 21 K.I빌딩 1층 101호,,"일식,주점,해물,생선요리,육류,고기요리,스테이크,립,이자카야","콜키지,단체,대기공간,무선인터넷,웰컴키즈존,대관","2025 레드리본 전국의 맛집,1월 트래픽 급상승"
a1YCoau63BX1GQW3ej_jow,미미미가든,서울특별시 강남구 도산대로 417 FIRST LIGHT 타워 1층 ~ 지하 2층,,"이탈리아음식,이탈리아음식,파스타,스테이크,립","예약금 0원 결제,발렛,단체,무선인터넷,콜키지,대관","2025 레드리본 전국의 맛집,모임 추천 맛집"
gtp4FIxKSH_CyxAODwnfmw,청담그늘 ,서울특별시 강남구 도산대로66길 13 지하1층,,"퓨전음식,일식,주점,해물,생선요리,스시오마카세,가이세키오마카세,다이닝바","노키즈존,레터링,자동결제,예약금 0원 결제,대관,발렛,단체,무선인터넷,전문 소믈리에,콜키지","3월 저장 TOP 30,4월 저장 TOP 30,5월 저장 TOP 30,6월 저장 TOP 30,7월 저장 TOP 30,8월 저장 TOP 30,모엣&샹동 베스트 맛집,2024 BEST,발렌타인 맛집,화이트데이 맛집,가정의달 맛집,콜키지 프리 이벤트,6월 줄서는 맛집,소비쿠폰 사용 가능,국내미식여행,모임 추천 맛집,첫 예약 할인,꽃 주문 서비스 ,9월 캐치위크,리미티드위크,캐치포인트 적립,앵콜 리미티드,라스트 찬스"
2CL3fjJaCt700K1_IFHXsg,ANIDAR PARQUE(아니다파르크),서울특별시 강남구 선릉로 629 A동 1층,,"유러피안음식,이탈리아음식,카페 & 베이커리,브런치,파스타,디저트,스테이크,립,카페","주차,장애인 편의시설,아기의자,예약금 0원 결제,웰컴키즈존,단체,무선인터넷,전문 소믈리에,콜키지,대관","3월 저장 TOP 30,첫 예약 할인,캐치포인트 적립"
hzZrntQEBNdPiyngHOcvEw,비놀릭,서울특별시 강남구 논현로63길 69 1층,"디너-오늘의 쉐프코스,리소토,간단 메뉴,고기 요리,에피타이저,피자,파스타,런치-단품 메뉴,스테이크,런치-세트 메뉴,해산물 요리,Dinner set,Dish,Signature,Pizza,감바스 Set,피자 Set,Promotion Set,런치 Course,관자&참문어 세비체,그릴드 베지터블 플래터,트러플 오일 머쉬룸 플래터,하몽 샐러드,비스마르크 피자,고르곤졸라 피자,리버스 마르게리타 피자,루꼴라&하몽 피자,우니 파스타,로제 파스타,봉골레 파스타,아마트리치아나 파스타,알리오 올리오 파스타,빨간 감바스 파스타,클래식 까르보나라 파스타,트러플 크림 현미 리소토,빨간 감바스 ,치오피노,그릴드 허브 오르모,빠삐요뜨,카치아토레,찹 스테이크,채끝 스테이크,프랜치 랩(양갈비)스테이크,채끝+양갈비 플래터,트러플 머쉬룸 플래터,비놀릭 치킨,트러플 감자튀김,치즈&과일 플래터 (S),해장 전복 해물 라면,루꼴라&하몽 피자,리버스 마르게리타 피자,이베리코 하몽 플래터 (S),이베리코 하몽 플래터 (L),비놀릭 스페셜 플래터,모둠 핑거 스낵 (S),하몽 샐러드,올리브&치즈 플래터,쁘띠 카프레제,치즈&과일 플래터 (L),빨간 감바스(비놀릭 시그니처),모둠 핑거 스낵 (L),쉬림프 필라프,뽀모도로 파스타,까르보나라 파스타,트러플 필라프(볶음밥),봉골레 파스타,트러플 알리오 올리오,바질페스토,고르곤졸라,루꼴라&하몽,빨간감바스,트러플 알리오 올리오+콜라,디쉬+피자+음료2,디쉬+빨간감바스+호밀빵+음료2,디쉬2+빨간감바스+피자+호밀빵+1+한우채끝스테이크+음료4,A course,B course,C course","코스요리,파인다이닝,이탈리아음식,주점,와인","콜키지 프리,자동결제,아기의자,예약금 0원 결제,주차,레터링,단체,무선인터넷,전문 소믈리에,웰컴키즈존,콜키지,대관","8월 저장 TOP 30,1월 저장 TOP 30,2월 저장 TOP 30,3월 저장 TOP 30,4월 저장 TOP 30,2024 BEST,12월 저장 TOP 30,발렌타인 맛집,1월 저장 TOP 30,화이트데이 맛집,2월 저장 TOP 30,가정의달 맛집,강남 회식 맛집,소비쿠폰 사용 가능,당일 30% 할인,예약 성공 보장,국내미식여행,첫 예약 할인,꽃 주문 서비스 ,리미티드위크,앵콜 리미티드"
BDiboirGLN9ZBrNj1YCySQ,옥스라이브파이어그릴 도산,서울특별시 강남구 도산대로 230 202호,,"양식,레스토랑,코스요리,스테이크,립,한우오마카세,소고기구이,파인다이닝","레터링,발렛,자동결제,단체,무선인터넷,예약금 0원 결제,콜키지,대관","9월 캐치위크,리미티드위크,앵콜 리미티드"
QcmFTL65Jj5sRh2RS1XFcw,아테페 라운지,서울 강남구 논현로160길 24 2층,,"양식,주점,카페 & 베이커리,브런치,파스타,와인,카페","주차,반려동물,단체,무선인터넷,예약금 0원 결제,콜키지,대관","9월 캐치위크,빗썸 행운 맛집"
GRX30KhJPHa5F91AEYZJHw,도브서울,서울특별시 강남구 선릉로148길 34 B1층 B02호,,"프랑스음식,유러피안음식,양식,파스타,와인","콜키지 프리,노키즈존,자동결제,무선인터넷,예약금 0원 결제,콜키지,대관","9월 캐치위크,빗썸 행운 맛집,리미티드위크,캐치포인트 적립,앵콜 리미티드,라스트 찬스"
QYZfvI21Jl62FHaGfVkNXg,OPNNG,서울특별시 강남구 도산대로34길 22 빌딩 모노폴(Building Monopole) 지하 1층,,"파인다이닝,다이닝바,이탈리아음식,주점,파스타,스테이크,립,와인","예약금 0원 결제,콜키지,노키즈존,발렛,자동결제,단체,무선인터넷,전문 소믈리에,대관","Michelin Guide Selection,12월 히든플레이스 선정,미쉐린가이드 서울 2025,4월 저장 TOP 30,발렌타인 맛집,화이트데이 맛집,소비쿠폰 사용 가능,첫 예약 할인,꽃 주문 서비스 ,리미티드위크,캐치포인트 적립,앵콜 리미티드"
no-5KDQM8Ui5UIzePnHCPw,엘픽,서울특별시 강남구 도산대로78길 25 에스앤에스빌딩 1층,,"코스요리,파인다이닝,육류,고기요리,스테이크,립","발렛,단체,무선인터넷,예약금 0원 결제,전문 소믈리에,콜키지,대관","Michelin Guide Selection,[정육왕] ,미쉐린가이드 서울 2025,코카-콜라 레드리본 맛집 2024 서울편,발렌타인 맛집,화이트데이 맛집,2025 레드리본 전국의 맛집"
2e5T6j-mnwcxXbgtx1lUlg,에빠뉘,서울특별시 강남구 선릉로146길 33 3층,,"코스요리,파인다이닝,프랑스음식,와인","예약금 0원 결제,노키즈존,발렛,단체,전문 소믈리에,콜키지,대관","Michelin Guide Selection,미쉐린가이드 서울 2025"
wrGtRuUKphZfMBwORwzGeA,쿠시카와,서울특별시 강남구 논현로24길 37 1층,,"파인다이닝,일식,기타 오마카세,이자카야","자동결제,예약금 0원 결제,주차,콜키지,대관","Michelin Guide Selection,미쉐린가이드 서울 2025,코카-콜라 레드리본 맛집 2024 서울편,2025 레드리본 전국의 맛집,소비쿠폰 사용 가능,첫 예약 할인,리미티드위크,캐치포인트 적립,앵콜 리미티드"
4vF2IoU0pp3uDKT5ufKGbg,보름쇠,서울특별시 강남구 테헤란로81길 36,,"파인다이닝,육류,고기요리,소고기구이","자동결제,예약금 0원 결제,콜키지,발렛,단체,무선인터넷,대관","Michelin Guide Selection,미쉐린가이드 서울 2025,코카-콜라 레드리본 맛집 2024 서울편,2025 레드리본 전국의 맛집,위스키 페어링 맛집,모임 추천 맛집,첫 예약 할인,빗썸 행운 맛집,국내 최저가 위스키"
U2VN_L1TrvwYTt2XVH1Wog,우가,서울 강남구 강남대로 652 신사스퀘어 G층 우가,"Menu,temp,숙성 양념육회,한우육포,숙성 육회비빔밥,한우 무국,숙성 차돌박이,숙성 꽃등심","파인다이닝,한식,육류,고기요리,소고기구이","주차,콜키지 프리,장애인 편의시설,아기의자,대기공간,웰컴키즈존,웰컴키즈존,단체,무선인터넷,콜키지","Michelin Guide Selection,안소희 방문,미쉐린가이드 서울 2025,위스키 페어링 맛집"
4lSAAbcVRcSnsppUa5fFlQ,음 이터리,서울특별시 강남구 논현로28길 47 1층,,"디저트,카페,카페 & 베이커리,베지테리안/비건,브런치,파스타,와인","콜키지 프리,대기공간,예약금 0원 결제,전문 소믈리에,주차,단체,무선인터넷,콜키지,대관",Taste of Seoul
TkFJ1UtE9jWxLxHcV9Jq-w,마히나 비건 테이블,서울 강남구 논현로175길 75 2층,,"이탈리아음식,베지테리안/비건,파스타","주차,단체,무선인터넷,대관",Taste of Seoul
nu5CgGPvtvTj7GWIBYcbiA,고료리 켄,서울특별시 강남구 언주로152길 15-3 2층,,"코스요리,컨템포러리,파인다이닝,일식","발렛,단체,예약금 0원 결제,대관,노키즈존,무선인터넷,콜키지","Taste of Seoul,1스타 미쉐린가이드 서울 2025,Michelin Guide Selection,위스키 페어링 맛집,Taste of Seoul,Taste of Seoul,리미티드위크,앵콜 리미티드,흑백요리사2: 김건"
8GsUGrev-vFQISiag75izw,KANG MINCHUL Restaurant,서울 강남구 도산대로63길 18 5층,,"유러피안음식,코스요리,컨템포러리,파인다이닝","예약금 0원 결제,노키즈존,발렛,자동결제,콜키지,대관","Taste of Seoul,1스타 미쉐린가이드 서울 2025,Michelin Guide Selection,위스키 페어링 맛집,Taste of Seoul,첫 예약 할인,Taste of Seoul,리미티드위크,캐치포인트 적립,앵콜 리미티드"
Bmo0t_bBkLDAFALz7cYG6Q,권숙수,서울특별시 강남구 압구정로80길 37 이에스빌딩 4층,"Lunch Special Course ,Lunch Tasting Course,Lunch Course,Dinner Chef Tasting Course,temp,temp,temp,temp,Main(Choice one),Venus Clam Porridge / Shrimp / Bangpoong Leaf,Welcome Drink with Small Appetizer,Grilled Abalone / Soy Sauce,Pairing,Dessert,Pairing,Dessert,Main(Choice one),Steamed Egg with Mitten Crab / Red-banded Lobster,Welcome Drink with Small Appetizer,Cold Sesame Soup / Beef Meat Ball / Black Truffle,Grilled Abalone / Soy Sauce,Venus Clam Porridge / Shrimp / Bangpoong Leaf,Steamed Egg with Mitten Crab / Red-banded Lobster,Welcome Drink with Small Appetizer,Dessert,Venus Clam Porridge / Shrimp / Bangpoong Leaf,Abalone / Soy Sauce / Korean Osetra Caviar,Korean Raw Beef / Seasonal Wild Mushroom,Pairing,Cold Sesame Soup / Beef Meat Ball / Black Truffle,Main(Choice one),Pairing,Korean Raw Beef / Seasonal Wild Mushroom,Steamed King Crab / Pinenut Cream / Balck Truffle,Main,Welcome Drink with Small Appetizer,Grilled Abalone / Soy Sauce,Korean Sool Pairing,Menu of Choices,Dessert,Steamed Egg with Mitten Crab / Red-banded Lobster,Venus Clam Porridge / Shrimp / Bangpoong Leaf,Petits Fours with Coffee or Tea,Tangerine Punch ; Ice Cream / Granita / Jelly / Compoted Tangerine,Korean Beef Tteokgalbi,40 Day Wet Aged Korean Beef Striploin Steak ,Goatsbeard Pot Rice / Bansang,Wet Aged Korean Beef Striploin Steak,4 Glasses Pairing ,7 Glasses Pairing ,Gyegang-Ba ; Ginger & Cinnamon Ice Cream / Buckwheat / Pinenuts,Petits Fours with Coffee or Tea,Korean Beef Tteokgalbi,Grilled pheasant Bulgogi / Sticky Rice / Mool(Water) Kimchi,Wet Aged Korean Beef Striploin Steak,Petits Fours with Coffee or Tea,Tangerine Punch ; Ice Cream / Granita / Jelly / Compoted Tangerine,4 Glasses Pairing ,3 Glasses Pairing ,6 Glasses Pairing ,5 Glasses Pairing ,Goatsbeard Pot Rice / Bansang,Petits Fours with Coffee or Tea,Tangerine Punch ; Ice Cream / Granita / Jelly / Compoted Tangerine,6 Glasses Pairing ,8 Glasses Pairing,5 Glasses Pairing ,5 Glasses Pairing ,6 Glasses Pairing ,4 Glasses Pairing ,3 Glasses Pairing ,5 Glasses Pairing ,Add a piece of Tteokgalbi to Pot Rice,King Crab Pot Rice / Bansang,Wet Aged Korean Beef Striploin Steak,Goatsbeard Pot Rice / Bansang,Korean Beef Tteokgalbi,Grilled pheasant Bulgogi / Sticky Rice / Mool(Water) Kimchi,Goatsbeard Pot Rice / Korean Beef Tteokgalbi / Bansang,Wet Aged Korean Beef Striploin Steak,Korean Beef Tteokgalbi","코스요리,파인다이닝,한식","노키즈존,예약금 0원 결제,발렛,전문 소믈리에,콜키지,대관","Taste of Seoul,2스타 미쉐린가이드 서울 2025,Michelin Guide Selection,Taste of Seoul,Asia's 50 Best,Taste of Seoul,리미티드위크,앵콜 리미티드"
syKtBPwMTv9IZA1qWczOzA,벽제갈비 더청담,서울특별시 강남구 도산대로81길 25 1층,,"한식,육류,고기요리,한우오마카세,소고기구이","아기의자,대관,발렛,단체,무선인터넷,웰컴키즈존,콜키지","Taste of Seoul,Taste of Seoul,2025 레드리본 전국의 맛집,모임 추천 맛집,Taste of Seoul,라스트 찬스"
znnsXJMtYJXqMgkvAW5hxA,노보텔 앰배서더 서울 강남 안뜨레,서울특별시 강남구 봉은사로 130 노보텔 앰배서더 강남 서울 1층,,"코스요리,컨템포러리,한식,주점","전문 소믈리에,주차,발렛,단체,무선인터넷,콜키지,대관","Taste of Seoul,국내미식여행"
yd_i8XIlFJAZvFphm7eqYg,보보식당,서울특별시 강남구 언주로174길 30 로빈명품관 1층 103호,,"중식,해물,생선요리,육류,고기요리","아기의자,예약금 0원 결제,웰컴키즈존,대관,발렛,자동결제,단체,무선인터넷,콜키지","Taste of Seoul,김나영 유튜브 출연,코카-콜라 레드리본 맛집 2024 서울편,Taste of Seoul,2024 BEST,발렌타인 맛집,화이트데이 맛집,가정의달 맛집,2025 레드리본 전국의 맛집,첫 예약 할인,Taste of Seoul,흑백요리사2: 삼대가중식"
5wp_gmPsghFY1cgL-Ce_BA,드레스덴 그린,서울특별시 강남구 도산대로 420 청담스퀘어 B동 2층,,"양식,육류,고기요리,코스요리,컨템포러리,스테이크,립,와인,파인다이닝","주차,노키즈존,레터링,무선인터넷,예약금 0원 결제,전문 소믈리에,콜키지,대관","Taste of Seoul,발렌타인 맛집,화이트데이 맛집,가정의달 맛집,소비쿠폰 사용 가능,꽃 주문 서비스 ,리미티드위크,앵콜 리미티드,흑백요리사2: 천생연분"
JVndsGqjkUNv0sJekfsCrA,밍글스,서울특별시 강남구 도산대로67길 19 2층,"Dinner,Lunch B,Lunch A,January Bites,Dessert,Additional,Sense of Winter,Tea & Caffee,Crisp,Vegetable,Fish,Joo-ak,Main,temp,Crisp,temp,Vegetable,temp,temp,January,Sense of Winter,temp,Bites of Mingles,Korean Chicken,Fish,Fish,Vegetable,Pairing,Tea & Cottee,Korean Chicken,temp,Additional,Crisp,temp,January,temp,Sense of Winter,temp,Bites of Mingles,Joo-ak, Doraji,temp,temp,도토리묵,산초페스토,나주배,흑임자,제철 생선 회 , 셰프가 엄선한 다양한 한 입 요리,돼지감자 규아상,모렐버섯,양지육수,도토리묵, 산초페스토,나주배,흑임자,오늘의 생선요리,돼지 감자 규아상,모렐버섯,양지육수,오늘의 생선요리,제철 과일 타르트,무항생제 닭,인삼,트러플,Hanwoo,Lobster,Bansang,제철 과일 타르트,Dark Garlic,Jang Trio,Lobster,페어링 (3 glasses),전통주 페어링,시그니처 페어링,Hanwoo,페어링 (3 glasses),전통주 페어링,전복선,멸치국수,애플 소르베,Lamb,제철 생선 회,셰프가 엄선한 다양한 한 입 요리, 캐비어,Dark Garlic,도토리묵, 산초페스토,나주배,흑임자,돼지감자 규아상,모렐버섯,양지육수,오늘의 생선 요리,Jang Trio,무항생제 닭,인삼,트러플,제철 과일 타르트,Lobster,Hanwoo,Apple,Lamb,Jang Trio,Dark Garlic,전복선,멸치국수,제철 생선회,셰프가 엄선한 다양한 한 입 요리, 캐비어,영암 어란,랍스터, 제철 과일, 막걸리,간장,된장,고추장,떡갈비 반상,랍스터, 제철 과일, 막걸리,다양한 부위의 한우, 제철 채소,간장,된장,고추장,랍스터,제철 과일,막걸리,치즈,흑마늘,막걸리,한우 스테이크,제철 채소,밍글스 식 양갈비 스테이크,치즈,흑마늘,막걸리,간장,된장,고추장,랍스터,제철 과일,막걸리,한우 스테이크.제철 채소,밍글스 식 양갈비 스테이크,제피 후추 무스,사과 소르베,간장,된장,고추장,치즈,흑마늘,막걸리","코스요리,파인다이닝,한식,퓨전음식,와인,전통주","예약금 0원 결제,노키즈존,레터링,발렛,단체,무선인터넷,전문 소믈리에,콜키지","Taste of Seoul,저장수 10만건 돌파,3스타 미쉐린가이드 서울 2025,Michelin 3 Star Selection,Taste of Seoul,화이트데이 맛집,2월 저장 TOP 30,Asia's 50 Best,3월 저장 TOP 30,4월 저장 TOP 30,5월 저장 TOP 30,6월 저장 TOP 30,Taste of Seoul,리미티드위크,앵콜 리미티드"
o6gUdHxfhysMKvxjuMXbkw,노보텔 앰배서더 서울 강남 더 스퀘어,서울특별시 강남구 봉은사로 130 노보텔 앰배서더 강남 서울 2층,,"해물,생선요리,뷔페,호텔뷔페,스시,초밥,스테이크,립,게, 랍스터","예약금 0원 결제,주차,발렛,단체,무선인터넷,웰컴키즈존,콜키지,대관","[공감특별한세상] 339회차,국내미식여행,호텔 뷔페 최저가 도전,리미티드위크,12월 50,000P"
qdzNJTH21EQvo1YFQErpAg,그란구스또,"서울특별시 강남구 삼성로 340 앨포트빌딩 1, 2층","temp,Lunch Set B,Lunch Set C,Dinner Set A,Lunch Set A,Dinner Set B,Today's Pasta (택1),Coffee or Tea,Today Italian Antipasto,Zuppa,Dolce,Coffee or Tea,Zuppa,Today Italian Antipasto,Today Main Dish (택1),Dolce,Today's Pasta (택1),Coffee or Tea,Today Main Dish (택1),Zuppa,Today Italian Antipasto,Dolce,Today's Pasta (택1),Coffee or Tea,Today Italian Antipasto,Today's Pasta (택1),Dolce,Zuppa,Today Main Dish (택1),Dolce,Coffee or Tea,Today Italian Antipasto,Zuppa,Today Main Dish (택1),Today's Pasta (택1),Zuppe,Antipasti,Pesci,Carni,Risotto,Insalate,Dolci,Pizze,pasta,커피 or 차,이탈리안 전채,오늘의 스프,올리브오일 소스 스파게티,크림 소스 스파게티,토마토 소스 스파게티,이베리코 흑돼지 목등심 구이,오늘의 생선구이,닭고기 구이,오늘의 디저트,커피 or 차,이탈리안 전채,오늘의 스프,크림 소스 스파게티,올리브오일 소스 스파게티,토마토 소스 스파게티,그레이비 소스를 곁들인 안심 또는 채끝 등심 스테이크 <예산 광시 산 한우>,양갈비 구이,해산물 모듬 구이,오늘의 디저트,커피 or 차,이탈리안 전채,오늘의 스프,올리브오일 소스 스파게티,토마토 소스 스파게티,크림 소스 스파게티,오늘의 생선구이 ,이베리코 흑돼지 목등심 구이,닭고기 구이 ,오늘의 디저트,커피 or 차,이탈리안 전채,오늘의 스프,올리브오일 소스 스파게티,토마토 소스 스파게티,크림 소스 스파게티,그레이비 소스를 곁들인 안심 또는 채끝 등심 스테이크 <예산 광시 산 한우>,해산물 모듬 구이,양갈비 구이,오늘의 디저트,커피 or 차,매운 홍합찜,해산물 모듬 튀김,모듬 전채,신선한 샐러드와 새우, 날치알을 곁들인 가리비 관자구이,해산물 스프,오늘의 스프,그린 샐러드,시져 샐러드,토마토와 버팔로 모짜렐라의 카프리식 샐러드,신선한 지중해식 해산물 샐러드,소고기 안심과 루꼴라, 버섯으로 맛을 낸 리조또,왕새우 크림 리조또,해산물 토마토소스 리조또,엄선한 해산물로 맛을 낸 스파게티(2인분),리코타 치즈와 시금치로 속을 채운 토마토 소스 라비올리,새우와 날치알을 곁들인 매콤한 맛의 토마토 소스 스파게티,고르곤졸라 치즈 소스 감자뇨끼,신선한 바지락의 올리브 오일 소스 링귀네(봉골레),볼로네제 소스의 파케리(예산 암소한우),마늘과 올리브오일의 매운 파스타(알리오올리오), 여러가지 해산물로 맛을 낸 토마토 or 크림 or 올리브 오일 소스 스파게티,향긋한 바질과 고소한 잣향의 제노바식 트로피에(제노베제),판체타와 치즈가 어우러진 크림소스 스파게티(까르보나라),고등어와 대파를 곁들인 올리브오일 소스 스파케티,게살로 맛을 낸 비스큐 크림 소스의 시금치 페투치네,샐러드를 곁들인 그릴에 구운 해산물 모듬,오늘의 특선생선구이,양 갈비 구이 (호주산),안심 스테이크(예산 암소한우) 150g,이베리코 흑돼지 목 등심 구이 (스페인산),닭고기 구이,안심 스테이크(예산 암소한우) 200g,등심 스테이크(예산 암소한우) 220g,등심 스테이크(예산 암소한우) 180g,해산물 피자,4가지 치즈를 올린 피자,프로슈토꼬또와 버섯을 올린 피자,엔초비와 루꼴라를 올려구은 피자,마르게리따 피자,티라미수,샤벳,이탈리아식 생크림 푸딩,프로즌 요거트 아이스크림,이탈리안 전채,오늘의 스프,크림 소스 스파게티,토마토 소스 스파게티,올리브오일 소스 스파게티,오늘의 디저트","이탈리아음식,코스요리,이탈리아음식,피자,파스타,스테이크,립","콜키지 프리,발렛,단체,무선인터넷,콜키지","[굿모닝대한민국] ,2025 레드리본 전국의 맛집"
KRCWNwogwhbV-LVyHfqtpg,아실라 ,서울특별시 강남구 강남대로98길 16 파빌리온 지하1층,,"다이닝바,아시아음식,주점,피자,파스타,와인","자동결제,대기공간,단체,무선인터넷,콜키지","[굿모닝대한민국] ,강남 회식 맛집,포인트 혜택"
BAsfLi_gFTg8woOiJZ--_A,고래불 강남역삼본점,서울 강남구 논현로79길 62 1/2층 고래불,,"파인다이닝,일식,해물,생선요리,해물(탕/찜/볶음),회,사시미,가이세키오마카세","발렛,자동결제,단체,아기의자,무선인터넷,위스키 주문,예약금 0원 결제,웰컴키즈존,콜키지,대관","[수요미식회] ,신동엽 방문,위스키 페어링 맛집,콜키지 프리 이벤트,강남 회식 맛집,소비쿠폰 사용 가능,당일 30% 할인,모임 추천 맛집,첫 예약 할인,캐치포인트 적립,라스트 찬스,국내 최저가 위스키"
WyaRsNqrteo2mni85tE87g,도쿄사이카보,서울특별시 강남구 도산대로101길 9 1층,,"일식,해물,생선요리,회,사시미","노키즈존,발렛,와인주문,단체,무선인터넷,콜키지,대관","[찾아라 맛있는 TV] 소개 맛집,코카-콜라 레드리본 맛집 2024 서울편,가정의달 맛집,2025 레드리본 전국의 맛집,모임 추천 맛집"
PvpH99f0RLJ3PTqIuwYaEg,신사890,서울특별시 강남구 강남대로152길 26 세현빌딩 2층,,"주점,파스타,스테이크,립,와인,칵테일,위스키,다이닝바","자동결제,예약금 0원 결제,반려동물,단체,무선인터넷,콜키지,대관","[하트시그널] 4회차,위스키 페어링 맛집,첫 예약 할인,리미티드위크,앵콜 리미티드"
ka3t7-36eoDCPbrRaY8LJw,씨나브로 CinaBro,서울특별시 강남구 도산대로51길 41 2층,,"한식,퓨전음식,주점,해물,생선요리,백반,가정식,이자카야,칵테일,위스키","콜키지,단체,무선인터넷,대관",가정의달 맛집
1gZTz7jifAkwRiocprczfA,다슬음 ,서울특별시 강남구 강남대로62길 23 1층 다슬음 요리주점,,"한식,닭 요리,찌개,전골,해물(탕/찜/볶음),맥주,호프,전통주,요리주점","자동결제,예약금 0원 결제,대관,반려동물,단체,대기공간,무선인터넷,콜키지","가정의달 맛집,강남 회식 맛집,당일 30% 할인,모임 추천 맛집,첫 예약 할인,캐치포인트 적립,라스트 찬스"
TC_IpNHuvpEJS3IHBiXCPQ,동화고옥 The ROOM 강남점,서울특별시 강남구 테헤란로 129 지하2층,,"육류,고기요리,한정식,코스요리,소고기구이","콜키지 프리,단체,무선인터넷,주차,레터링,와인주문,자동결제,전문 소믈리에,웰컴키즈존,콜키지,대관","가정의달 맛집,국내미식여행,첫 예약 할인"
ZEqj3it_IlZ4qvu7twO_Jw,Sevva 세바,"서울특별시 강남구 언주로151길 21, 1층",,"이탈리아음식,이탈리아음식,주점,와인","발렛,단체,무선인터넷,전문 소믈리에,콜키지,대관","가정의달 맛집,모임 추천 맛집"
5tnc5wSvWopPKExpQaWEvg,코타바이뎐,서울특별시 강남구 선릉로155길 23-3 1층,,"한식,육류,고기요리,기타 오마카세,코스요리,스테이크,립,와인,파인다이닝","자동결제,아기의자,예약금 0원 결제,주차,레터링,발렛,단체,무선인터넷,전문 소믈리에,웰컴키즈존,콜키지,대관","가정의달 맛집,예약 성공 보장,첫 예약 할인,꽃 주문 서비스 ,9월 캐치위크,리미티드위크,캐치포인트 적립,앵콜 리미티드,라스트 찬스"
Xkpq3IfGoJUGWjx8Kxh_ng,대통령청담,서울특별시 강남구 선릉로148길 36-3 1층,,"한식,레스토랑,한정식,코스요리","주차,단체,무선인터넷","가정의달 맛집,위스키 페어링 맛집,국내 최저가 위스키"
5b_073Eb1a3Nmu7AHVR9pw,우도옥 牛圖屋,서울특별시 강남구 봉은사로82길 29,,"한식,해물,생선요리,육류,고기요리,냉면,와인,소고기구이,요리주점","주차,콜키지 프리,발렛,자동결제,단체,무선인터넷,예약금 0원 결제,콜키지,대관","가정의달 맛집,첫 예약 할인"
xzAkoHXJLQojoO0eCn57mA,스시토보시 Toboshi,"서울특별시 강남구 논현로151길 18, 1층",,"일식,해물,생선요리,코스요리,회,사시미,스시,초밥,이자카야,스시오마카세","자동결제,예약금 0원 결제,노키즈존,발렛,콜키지,대관","가정의달 맛집,첫 예약 할인,캐치포인트 적립"
cGk23fIeTyVRCmw4gmW5iA,바다해장집 강남점,서울특별시 강남구 봉은사로2길 16 2층,,"일식,해물,생선요리,해물(탕/찜/볶음),회,사시미","주차,단체,대기공간,무선인터넷,예약금 0원 결제,대관",강남 회식 맛집
fIvdoBBPicvBy1-QQUVegQ,돼봉삼겹살 신논현점,서울특별시 강남구 봉은사로2길 21 반석빌딩 1층,,"한식,육류,고기요리,찌개,전골,돼지고기구이,소고기구이,다이닝바,요리주점","주차,반려동물,단체,아기의자,대기공간,무선인터넷,웰컴키즈존,웰컴키즈존,대관",강남 회식 맛집
fXTkA9yyjwuFDuPT6vyPFA,더미뇽서울,서울특별시 강남구 강남대로102길 25,,"이탈리아음식,양식,브런치,파스타","단체,무선인터넷,예약금 0원 결제,콜키지",강남 회식 맛집
oNGNaUrvFtBfx2lyJ6VZgg,이코이,서울특별시 강남구 논현로64길 33 한호빌딩 1층,,"일식,주점,해물,생선요리,코스요리,회,사시미,이자카야,칵테일,위스키","반려동물,단체,위스키 주문,예약금 0원 결제,콜키지,주차,노키즈존,무선인터넷,대관","강남 회식 맛집,국내 최저가 위스키"
neCtSBOTti1E6s0FJkJJ7A,메리가든,서울특별시 강남구 봉은사로 113 호텔 더 디자이너스 리즈 강남 프리미어 13층,,"디저트,다이닝바,이탈리아음식,주점,카페 & 베이커리,브런치,피자,파스타,스테이크,립","주차,단체,전문 소믈리에,대관","강남 회식 맛집,국내미식여행,꽃 주문 서비스 ,라스트 찬스"
XSHVSA0frtugR0nTNaTAQA,도원참치강남,서울특별시 강남구 테헤란로 113 목화밀라트 지하1층 제B101호,,"일식,해물,생선요리,회,사시미,참치회","콜키지 프리,장애인 편의시설,반려동물,자동결제,단체,대기공간,무선인터넷,위스키 주문,대관,주차,콜키지","강남 회식 맛집,당일 30% 할인,위스키 페어링 맛집,예약 성공 보장,모임 추천 맛집,첫 예약 할인,꽃 주문 서비스 ,라스트 찬스,국내 최저가 위스키"
WLUbEvFhZwqMMnAB1_QpCw,찬란한아구 강남본점,서울특별시 강남구 강남대로78길 12 예미프레스티지 2층,,"한식,해물,생선요리,해물(탕/찜/볶음)","콜키지 프리,장애인 편의시설,자동결제,위스키 주문,단체,무선인터넷,콜키지,대관","강남 회식 맛집,당일 30% 할인,위스키 페어링 맛집,첫 예약 할인,국내 최저가 위스키"
P4Iq48vCYXB9HQ6BNRE-Lg,키노이에파티,서울특별시 강남구 도산대로72길 8 1층 ~ 3층,,"일식,오뎅바","주차,주차,레터링,장애인 편의시설,반려동물,발렛,단체,아기의자,아기의자,대기공간,무선인터넷,위스키 주문,웰컴키즈존,콜키지,대관",국내 최저가 위스키
_FM2mUgUuJFpLueBat_enw,아난티 앳 강남 비앙드,서울특별시 강남구 도산대로30길 33-1 지하1층,,"프랑스음식,와인","레터링,단체,예약금 0원 결제,발렛,콜키지,대관",국내미식여행
iur99PF6qkqlrtjA34Jaug,WUMAMA Lab 우마마랩,서울특별시 강남구 도산대로81길 18,,"이탈리아음식,레스토랑","레터링,예약금 0원 결제,전문 소믈리에,발렛,단체,무선인터넷,콜키지,대관","김성령 방문,예약 성공 보장,모임 추천 맛집,꽃 주문 서비스 ,리미티드위크,앵콜 리미티드"
CTMWcwFe7SfbXpabipr8eg,페스카도 청담,서울특별시 강남구 선릉로 752 태성빌딩 1층 102호,,"퓨전음식,일식","주차,자동결제,무선인터넷,콜키지,대관","노르웨이 연어 위크,빗썸 행운 맛집"
JrREoKggRF4jUz1C2z2HQg,오리지널팬케이크하우스 도곡점,서울특별시 강남구 남부순환로 2753 1층,,"양식,카페 & 베이커리,디저트,카페","주차,콜키지 프리,단체,대기공간,무선인터넷,콜키지,대관",라스트 찬스
O9jjIGFzz-RCvDZDaZA2Og,게집,서울특별시 강남구 압구정로4길 14-14,,"한식,해물,생선요리,백반,가정식,찌개,전골,게, 랍스터","발렛,단체,대기공간",라스트 찬스
n1055bDdQ9y9ffTfjNBs3Q,케미스트리,서울특별시 강남구 언주로94길 5 2층,,"다이닝바,이탈리아음식,주점","주차,자동결제,콜키지,노키즈존,반려동물,단체,무선인터넷,대관","모엣&샹동 베스트 맛집,콜키지 프리 이벤트,첫 예약 할인"
DJFvjiIl8eHvPN-3P3j-GA,을지다락 강남,서울특별시 강남구 강남대로96길 22 2층,,"유러피안음식,파스타","대기공간,웰컴키즈존,단체,아기의자,무선인터넷",모임 추천 맛집
m-sDrFcUqbMQV63pL-iyZA,우랑 청담점,서울특별시 강남구 압구정로79길 79 JM빌딩 1층,"식사,일품,B SET,튀김,구이,사시미,조림,야끼니꾸,A SET,나베,야끼니꾸 선택,나베선택,나베선택,사시미모리아와세,temp,temp,temp,temp,temp,temp,temp,temp,새우,꽃살 ,관자 ,꽃살스끼야끼 ,참복지리 ,우랑나베 ,꽃살샤브샤브 ,모리아와세 (소),꽃살스끼야끼 ,우랑나베 ,꽃살샤브샤브 ,참복지리 ,문어숙회,참복사시미,사시미 모리아와세 (대),연어사시미,간단사시미,사시미 모리아와세 (중),사시미와다,전복사시미,사시미 모리아와세 (소),꽃살,장어,새우,모둠,참복,관자,참복지리,김치 오뎅나베,간사이 오뎅나베,꽃살샤브샤브,우랑나베,꽃살스끼야끼,메로 데리야끼,전복,도미머리(소금구이),어니언대하,연어머리,새우 덴뿌라,모둠 덴뿌라,고로케,닭 연골카라아게,장어 덴뿌라,닭 카라아게,참복 카라아게,모둠 카라아게,도미머리,낫또우동,명란오니기리,우동,유비끼,새우쯔께,타코와사비,낫또우동,쯔께모노,다시마끼,참복샤브샤브 ,참복샤브샤브 ,참복샤브샤브,대게 샤브나베,대게 샤브나베,대게 샤브샤브","코스요리,일식,해물,생선요리,회,사시미,이자카야","예약금 0원 결제,발렛,단체,무선인터넷,콜키지,대관",모임 추천 맛집
P8jbzmE-1gaWQHdEBd_FzQ,뜸솥 강남 N타워점,서울특별시 강남구 테헤란로 129 강남 N타워 지하 2층,,"한식,육류,고기요리,돼지고기구이,소고기구이","주차,콜키지 프리,단체,대기공간,무선인터넷,콜키지,대관",모임 추천 맛집
vERJiFQvC0aQXYRFHmWQJg,노야 역삼 GFC점,서울특별시 강남구 테헤란로 152 강남파이낸스센터 지하 1층,,"일식,샤브샤브","단체,예약금 0원 결제,대관,주차,무선인터넷,콜키지",모임 추천 맛집
nYMzbhkxahzMgJvM_fZaNA,화연산장 火煙山莊,서울특별시 강남구 선릉로152길 12 담빌딩 1층,,"한식,육류,고기요리,돼지고기구이,바베큐,소고기구이","장애인 편의시설,발렛,단체,아기의자,대기공간,무선인터넷,웰컴키즈존,콜키지,대관",모임 추천 맛집
sR476WvbvNz2tvVDTGPH1A,호아나,서울특별시 강남구 선릉로158길 12 2층,,"양식,파스타,코스요리,스테이크,립","레터링,발렛,단체,아기의자,무선인터넷,웰컴키즈존,콜키지,대관",모임 추천 맛집
UfeIF0T7rIalVDycm0EQrA,진수사,서울특별시 강남구 테헤란로37길 13-7,,"일식,해물,생선요리,회,사시미,스시,초밥,이자카야","예약금 0원 결제,대관,발렛,단체,콜키지",모임 추천 맛집
vUpRs_Armbv-ZeDCbLkgCQ,리브(REEVE),서울특별시 강남구 삼성로 517 채널리저브 상가 지하1층 B107호,,"일식,주점,해물,생선요리,회,사시미,이자카야,참치회","주차,단체,무선인터넷,예약금 0원 결제,콜키지",모임 추천 맛집
EcqfX3v0oYAWLraS80XK7g,두사라 청담점,서울특별시 강남구 선릉로162길 52 1층,"조림 / 찜,튀김 (덴푸라/후라이),한우 (구이),카이센(구이),간단안주,튀김(가라아게),식사,사시미,조림,진미, 전채,대표 메뉴,나베,한우 (요리),temp,temp,temp,temp,temp,temp,temp,temp,temp,추가메뉴,temp,temp,temp,규카츠,temp,로스카츠 180g,히레카츠 180g,차돌박이 관자구이 부추무침,함박 산도,안심추리 양념가지구이,업진살 미소야끼,채끝등심 성게알,아롱사태 니쯔께,규 카이센무시,양지 도가니 폰즈,소꼬리 야채 간장조림 (수량한정),아사리 야사이 초회,나마사바 샐러드,아까미 온센다마고,무시 아와비 (3마리),안심 훈연 타다끼,규 낫토 야마가케,제주식 물회,아마다이 시오야끼,아카무츠 시오야끼,아나고 시오야끼,타이노 가부토니,긴다라 미소니,우설 가라아게,쭈꾸미 가라아게,후구 가라아게,우니 육회,우니 카니,규 다이콘 아까미소,나스 미소아게 덴푸라,아나고 덴푸라,에비 쿠시카츠 (2pc),한우 오뎅 나베,규스지 나베,카이센 나베,스키야키 나베,계절 모리아와세 (2인 기준),1인 추가시,쯔케모노 모듬,규 카이센동,후토마끼 (5pc),우나기 보우즈시 (5pc),이까 우니,나마사바,흰살생선 + 고노와다 (1인),호타테 후라이 (2마리),타마고 우니 (2pc),우메보시(1pc),혜수우니 70g,과일 & 초콜릿,육포 마스카포네치즈,브리치즈 후라이,토시살 130g,살치살 130g,우설 100g,안창살 130g,부채살 150g,안심 150g,채끝등심 150g","일식,해물,생선요리,육류,고기요리,기타 오마카세,회,사시미,이자카야,소고기구이","반려동물,발렛,무선인터넷,예약금 0원 결제,콜키지",모임 추천 맛집
dcKmPPOzsl0AOjbDPzXWiQ,기무,서울특별시 강남구 논현로 333 역삼빌딩 1층,,"코스요리,일식,해물,생선요리,회,사시미","콜키지,노키즈존,단체,대관",모임 추천 맛집
3oaeQ9p0zaaZpi2CGW7xkA,쥬안,서울특별시 강남구 도산대로75길 24 2층,,"일식,해물,생선요리,가이세키오마카세","예약금 0원 결제,발렛,콜키지,대관",모임 추천 맛집
aJ1LqWv2boI7kH9Iy0hUsQ,10꼬르소꼬모 서울 카페,서울특별시 강남구 압구정로 416 B1,,"이탈리아음식,이탈리아음식,주점,카페 & 베이커리,브런치,파스타,스테이크,립,와인,카페","레터링,콜키지,주차,발렛,전문 소믈리에",모임 추천 맛집
U2aWIm9xXePuIr-IFcCYjw,제너릭,서울특별시 강남구 삼성로 730 5층,,"다이닝바,주점,와인","레터링,예약금 0원 결제,발렛,단체,무선인터넷,대관","모임 추천 맛집,꽃 주문 서비스 "
PUMAUPFs-C9BAWM9mpgs6w,슈보 카가리,서울특별시 강남구 선릉로148길 52-5 2층,,"파인다이닝,일식,주점,해물,생선요리","예약금 0원 결제,노키즈존,발렛,무선인터넷,콜키지","모임 추천 맛집,라스트 찬스"
XUxNokcxAPfJwuQHAWNs0w,치즈룸 안다즈,서울특별시 강남구 논현로 854 안다즈호텔 지하 1층 112호,"Flatbread,Appetizer,Tartare Steak,Cheese Cake,Risotto,Dessert,Pasta,temp,temp,temp,temp,temp,temp,temp,현미 크리스피 & 콩고물 아이스크림,리코타 아란치니 (Ricotta),리코타 올리브 깜빠뉴 (Ricotta),브리치즈 케일 누룽지 샐러드 (Brie),크랩 케잌 비스크 스프,오니기리 튜나 에그 베네딕트 (Pecornino),블루베리 팬케잌 (Only Brunch 10am-12pm),얼그레이 토마토 카프리제 (Mozzarella),페페 파이 (Mozzarella),스파이시 튜나 오니기리 리조또 (Pecorino),전복 솥밥 리조또 (Edam),발사믹 관자 (Emmental) S,발사믹 관자 (Emmental) M,명란 대파 우유 파스타,레드벨벳 도넛 & 마스카포네 아이스크림,Gouda 고다 산 세바스찬 치즈케잌,항정살 메주 파스타,포모도로 부라타 치즈 (Burrata),보드카 소스 모짜 리가토니 (Mozzarella),소시지 w / preserved Apricot (side dish),브리 치즈 멜트 감바스 (Brie),Classic St. Sebastian 산세바스찬 치즈케잌,스크램블에그 & 푸로슈토,w / Peppercorn 페퍼콘소스,썬드라이드 토마토 플랫브래드 (Mozzarella),리코타 치즈 멜트 & 비스크 (Ricotta),트라플 파케리 파스타 (Grana Padano)","이탈리아음식,이탈리아음식,브런치,파스타","장애인 편의시설,예약금 0원 결제,주차,단체,무선인터넷,콜키지","모임 추천 맛집,라스트 찬스"
dw-SRabywlrhf7_a3e70ZQ,치폴라로쏘 삼성본점,서울특별시 강남구 영동대로114길 5 이브자리 B1층(삼성동),,"이탈리아음식,양식,피자,파스타,레스토랑,스테이크,립,와인","콜키지 프리,자동결제,아기의자,아기의자,웰컴키즈존,웰컴키즈존,주차,단체,대기공간,무선인터넷,콜키지,대관","모임 추천 맛집,첫 예약 할인"
2PI-wFOLqj6lJqRJt_QVEg,야키니쿠 스미비,서울특별시 강남구 삼성로 517 채널리저브 105호,,"일식,육류,고기요리,소고기구이","주차,자동결제,예약금 0원 결제,단체,무선인터넷,콜키지,대관","모임 추천 맛집,첫 예약 할인"
HeoV2wot1aSx-VsvSh8-9Q,카이쇼 청담본점,서울특별시 강남구 선릉로148길 15 1층,,이자카야,"발렛,자동결제,단체,대기공간,무선인터넷,콜키지,대관","모임 추천 맛집,첫 예약 할인,9월 캐치위크,리미티드위크,캐치포인트 적립,앵콜 리미티드"
7LJt31Yw2sUEN4ysd5J01g,텐후쿠(天福),서울특별시 강남구 도산대로81길 18 2층,,"일식,해물,생선요리,회,사시미,와인,이자카야,요리주점","자동결제,예약금 0원 결제,발렛,단체,무선인터넷,콜키지,대관","모임 추천 맛집,첫 예약 할인,라스트 찬스"
SY1VqPDH8-IFQt5SAv5qaA,성균관 사시미,서울특별시 강남구 삼성로81길 21,,"일식,회,사시미,스시,초밥,스시오마카세,가이세키오마카세","콜키지 프리,예약금 0원 결제,주차,발렛,자동결제,단체,무선인터넷,콜키지,대관","모임 추천 맛집,첫 예약 할인,캐치포인트 적립"
_BnEVY8ArzKSNlrc9Y6wpQ,더 이탈리안 클럽 현대 무역센터점,서울특별시 강남구 테헤란로 517 현대백화점 10층,,"이탈리아음식,양식,피자,파스타,스테이크,립","주차,장애인 편의시설,단체,아기의자,무선인터넷,예약금 0원 결제,웰컴키즈존,콜키지,대관","모임 추천 맛집,흑백요리사2: 키친 보스"
Gevo9uFtbMq2CMkfiHkcTg,산 restaurant SAN,서울특별시 강남구 언주로168길 6 지하 1층,,"컨템포러리,프랑스음식,퓨전음식","예약금 0원 결제,발렛,전문 소믈리에,콜키지,대관","미쉐린가이드 서울 2026,Taste of Seoul,Taste of Seoul"
ROkaCbPj29elJ5ipouS03Q,GiwaKang 기와강,서울특별시 강남구 논현로152길 9 4층,,"한식,컨템포러리,파인다이닝","레터링,장애인 편의시설,자동결제,단체,예약금 0원 결제,발렛,무선인터넷,전문 소믈리에,콜키지,대관","미쉐린가이드 서울 2026,가정의달 맛집,첫 예약 할인,Taste of Seoul,리미티드위크,캐치포인트 적립,앵콜 리미티드"
idpEPNDA0CYkuQWItDEXOA,꼴라쥬(Collage),서울특별시 강남구 논현로136길 11 2층,,"프랑스음식,코스요리,컨템포러리,파인다이닝","레터링,예약금 0원 결제,노키즈존,발렛,단체,전문 소믈리에,콜키지,대관","미쉐린가이드 서울 2026,가정의달 맛집,콜키지 프리 이벤트,예약 성공 보장,국내미식여행"
VsoPcu6VarcUT1wQwJLHqw,펄쉘 청담점,서울특별시 강남구 도산대로55길 45 1층,"OYSTER BAR,PLAES,temp,temp,BLUE POINT (여수),PEARL SHELL (고흥),WATER DROP (통영),CLEO (강진),ACUARIO (L),BRANDADE DE MIRUE,PEARLSHELL OYSTER FRITTERS (2pcs),STEAK TARTARE,RAGOUT DE FRUITS DE MER,ACUARIO (R),MUSHROOMCREAM WITH SEACONCH,UNI MOUSSE WITH CAVIAR","프랑스음식,해물,생선요리","노키즈존,예약금 0원 결제,대관,발렛,단체,무선인터넷,전문 소믈리에,콜키지","발렌타인 맛집,화이트데이 맛집"
IRCHWgiJUeD94OwcwhdEIw,미치코서울 재즈라운지,서울특별시 강남구 학동로2길 43 지상2층(논현동),,"양식,주점,파스타,레스토랑,와인,칵테일,위스키,다이닝바","콜키지,단체,무선인터넷,전문 소믈리에","발렌타인 맛집,화이트데이 맛집,9월 캐치위크,빗썸 행운 맛집,리미티드위크,앵콜 리미티드"
i991nWeOM76QH-k1A1e5Fg,82올리언즈 강남점,서울특별시 강남구 강남대로98길 28 1층,,"아메리칸음식,브런치,파스타","반려동물,자동결제,단체,아기의자,대기공간,무선인터넷,웰컴키즈존,콜키지,대관","발렌타인 맛집,화이트데이 맛집,강남 회식 맛집,당일 30% 할인,첫 예약 할인,라스트 찬스"
CUTKuoabLy_2fmjdGZVhCA,우미돈 블랙(牛未豚),서울특별시 강남구 테헤란로33길 3-12 우리빌딩 1층,,"일식,한우오마카세,돼지고기구이,소고기구이","콜키지 프리,레터링,무선인터넷,예약금 0원 결제,전문 소믈리에,콜키지,주차,와인주문,단체,대관","발렌타인 맛집,화이트데이 맛집,리미티드위크,앵콜 리미티드,라스트 찬스"
T53owc5XR4mH5TNuLcuDLQ,오스테리아 에덴 ㅣ Osteria EDEN,서울특별시 강남구 선릉로152길 37 청담동 올리브빌딩 1층,,"이탈리아음식,브런치,파스타,스테이크,립,와인","발렛,자동결제,무선인터넷,예약금 0원 결제,전문 소믈리에,레터링,단체,콜키지,대관","발렌타인 맛집,화이트데이 맛집,모임 추천 맛집,첫 예약 할인,리미티드위크,캐치포인트 적립,앵콜 리미티드"
OQJdBlM3J6Vuhd4bAWLsqA,면서울,서울특별시 강남구 선릉로 805 W빌딩,,"국수,파인다이닝,한식","단체,아기의자,예약금 0원 결제,웰컴키즈존,발렛,대관","빕구르망 미쉐린가이드 서울 2025,Michelin Guide Selection,흑백요리사2: 김도윤,2025 레드리본 전국의 맛집,리미티드위크,앵콜 리미티드"
5hzTCyqDiEDwFuEFQtBPCg,울프강 스테이크하우스 청담점,서울특별시 강남구 선릉로152길 21 영인빌딩  1층,,"코스요리,육류,고기요리,스테이크,립","예약금 0원 결제,레터링,발렛,단체,아기의자,무선인터넷,전문 소믈리에,웰컴키즈존,콜키지","샤이니 키 방문,코카-콜라 레드리본 맛집 2024 전국편,스텔라 인증 BEST 생맥주,코카-콜라 레드리본 맛집 2024 서울편,발렌타인 맛집"
zUYslMqUnq3VLpNKQdKb_Q,와슈다이닝 슈토,서울특별시 강남구 논현로134길 9 1층,,"일식,주점,해물,생선요리,회,사시미,가이세키오마카세","주차,발렛,예약금 0원 결제,전문 소믈리에,노키즈존,단체,무선인터넷,콜키지",소비쿠폰 사용 가능
oMnUbc4Yz9iOOFwQV20fcw,인딕슬로우 가로수길점,서울특별시 강남구 압구정로4길 13,,인도음식,"반려동물,발렛,아기의자,대기공간,무선인터넷,웰컴키즈존,콜키지",소비쿠폰 사용 가능
___hqftxRtd_VbN9Ciy-dQ,타츠 로바타쇼 신사,서울특별시 강남구 강남대로154길 16 지상1층 101호,,"일식,주점,회,사시미,이자카야,야키토리","발렛,발렛,단체,무선인터넷,예약금 0원 결제,콜키지",소비쿠폰 사용 가능
gjNTqgASRM4b1PyyzMEQCA,작은뜰,서울특별시 강남구 언주로133길 15 지상1층(논현동),,"이탈리아음식,주점,파스타,와인","예약금 0원 결제,노키즈존,단체,콜키지",소비쿠폰 사용 가능
Z-n-Q1027lcGiaDZepF5DA,고우가 강남 역삼역점,서울특별시 강남구 테헤란로 152 강남파이낸스센터 지하1층 8호,,"한식,육류,고기요리,코스요리,와인,한우오마카세,소고기구이","주차,콜키지 프리,레터링,장애인 편의시설,와인주문,단체,아기의자,대기공간,무선인터넷,위스키 주문,전문 소믈리에,웰컴키즈존,콜키지,대관","소비쿠폰 사용 가능,당일 30% 할인,위스키 페어링 맛집,국내미식여행,꽃 주문 서비스 ,9월 캐치위크,리미티드위크,앵콜 리미티드,국내 최저가 위스키"
db5En0zeMwWxS7F6ijfshA,토우베,서울특별시 강남구 도산대로11길 31-10 지하1층,,"프랑스음식,일식,코스요리,컨템포러리,와인,파인다이닝","노키즈존,발렛,무선인터넷,콜키지","소비쿠폰 사용 가능,리미티드위크,앵콜 리미티드"
Sv65fGlHlbzUIzIyvckUUg,소보키 강남점,서울특별시 강남구 봉은사로18길 80 1층,,"한식,퓨전음식,전통주","예약금 0원 결제,콜키지,주차,단체,대기공간,무선인터넷","소비쿠폰 사용 가능,모임 추천 맛집"
UwjM1_nBFB1C0mkzUonzgw,엘리엇 그릴 청담,서울특별시 강남구 선릉로132길 29,,"이탈리아음식,카페 & 베이커리,브런치,피자,파스타,스테이크,립,와인","콜키지 프리,발렛,단체,무선인터넷,예약금 0원 결제,전문 소믈리에,콜키지,대관","소비쿠폰 사용 가능,모임 추천 맛집,9월 캐치위크,리미티드위크,앵콜 리미티드,라스트 찬스"
HpYL5ynL9JDlwMs7dTXhZg,비언유주얼,"서울특별시 강남구 선릉로108길 5, 지하 1층 (주황색문)",,"유러피안음식,코스요리,와인,파인다이닝","레터링,위스키 주문,예약금 0원 결제,웰컴키즈존,주차,와인주문,자동결제,단체,아기의자,대기공간,무선인터넷,전문 소믈리에,콜키지,대관","소비쿠폰 사용 가능,위스키 페어링 맛집,국내미식여행,첫 예약 할인,노르웨이 연어 위크,빗썸 행운 맛집,리미티드위크,앵콜 리미티드,포인트 혜택,국내 최저가 위스키"
O_q-MpUVYocoOv2BQ6IQ5Q,나이스샤워 치유 가로수길점,서울특별시 강남구 압구정로10길 30-3 1층,,"일식,해물,생선요리,브런치,회,사시미,스시,초밥,이자카야,장어 요리","주차,단체,대기공간,발렛,무선인터넷,콜키지","소비쿠폰 사용 가능,첫 예약 할인,9월 캐치위크"
hfVgzu6-q5BpUej1kbCqAw,올리버바이쇼텐,"서울특별시 강남구 선릉로157길 25, 2층 올리버",,"일식,주점,해물,생선요리,회,사시미,와인,이자카야,다이닝바","자동결제,위스키 주문,예약금 0원 결제,단체,무선인터넷,콜키지","소비쿠폰 사용 가능,첫 예약 할인,빗썸 행운 맛집,캐치포인트 적립,국내 최저가 위스키"
_lSQItnrsrEPvIAXRg3HPQ,썬더버드 청담점,서울특별시 강남구 압구정로60길 18 SG DINEHILL빌딩 1층,,"베지테리안/비건,브런치","콜키지 프리,반려동물,발렛,단체,무선인터넷,콜키지","스텔라 인증 BEST 생맥주,모엣&샹동 베스트 맛집"
ViTwI9d0brLHJYh3DRVDpA,머.구리(muh.guri),서울특별시 강남구 언주로168길 15,,"이탈리아음식,양식,브런치,파스타,와인,다이닝바,카페","예약금 0원 결제,반려동물,단체,무선인터넷,전문 소믈리에,콜키지,대관","심으뜸 방문,리미티드위크,앵콜 리미티드"
BDCuKQHEM4KbRli5YYGXiA,크래버대게나라 강남점,서울특별시 강남구 언주로 620 현대인텔렉스,,"해물,생선요리,게, 랍스터","자동결제,단체,대기공간,무선인터넷",예약 성공 보장
RohmHBOW0OTSjTLB8S3Jjg,가리비야,서울특별시 강남구 학동로4길 15 동화상가 1층,,"주점,해물,생선요리,요리주점","자동결제,무선인터넷,대관",예약 성공 보장
4gAnAynUJnFvrX1ng63Xeg,4.2 캐쥬얼 다이닝,서울특별시 강남구 논현로20길 4-11 1층,,"이탈리아음식,양식,브런치,피자,파스타,레스토랑,와인","주차,주차,콜키지 프리,자동결제,단체,아기의자,대기공간,무선인터넷,웰컴키즈존,콜키지,대관",예약 성공 보장
wD0lbo4tHNEfktBxO_tmDg,메종드타블 청담,"서울 강남구 도산대로58길 18 2층, 메종드타블 청담",,"이탈리아음식,양식,브런치,파스타,와인","주차,노키즈존,발렛,자동결제,단체,무선인터넷,예약금 0원 결제,콜키지,대관",예약 성공 보장
ChZ0ropSPuTlON3ST9_Ywg,바카라바 서울,서울 강남구 도산대로 313 2층 바카라 바 서울,,"양식,와인,칵테일,위스키,다이닝바","발렛,발렛,무선인터넷",예약 성공 보장
tPx-ZlocW9ZhZvi8kTUH6Q,코너다이닝펍,서울특별시 강남구 강남대로124길 30 1층 104호,,"양식,주점,맥주,호프,요리주점","반려동물,자동결제,무선인터넷",예약 성공 보장
B7ffcLhijhR8zQiBwB1sLg,올리보(olivo),서울특별시 강남구 헌릉로569길 39 더좋은빌딩 1층 은곡유치원 옆. 세곡동,,"양식,브런치,파스타,카페","주차,자동결제,단체,아기의자,대기공간,무선인터넷,웰컴키즈존,콜키지,대관",예약 성공 보장
BdG1tC2aICn1I1wBdVAbtg,타코 깔리토,서울특별시 강남구 밤고개로21길 69 엔투셀빌딩 4층,,"멕시코,남미음식","주차,장애인 편의시설,반려동물,단체,아기의자,대기공간,무선인터넷,웰컴키즈존",예약 성공 보장
7bh6oskTMAhqlIk1YYHogw,천장지구 카페,서울특별시 강남구 언주로150길 51 2층,,"디저트,카페","주차,반려동물,자동결제,무선인터넷,대관",예약 성공 보장
ncVo3_D5TRFGLrY6T-WtsQ,봉우리 역삼본점,서울특별시 강남구 논현로94길 25-3 2층,,"한정식,코스요리","콜키지 프리,발렛,단체,무선인터넷,콜키지,대관",예약 성공 보장
MRCabsUj6YtSLZDf-64wJg,더라운드 삼성점,서울특별시 강남구 영동대로 648 삼안빌딩 1층,,"중식,레스토랑,코스요리","발렛,단체,무선인터넷,웰컴키즈존","예약 성공 보장,모임 추천 맛집"
YJ2A3xU1h1XU5v3c6uP3AQ,오순 五順,서울특별시 강남구 봉은사로30길 34 1층,,"일식,해물,생선요리,기타 오마카세,코스요리,회,사시미,스시오마카세,다이닝바","노키즈존,자동결제,단체,무선인터넷,예약금 0원 결제,콜키지,대관","예약 성공 보장,모임 추천 맛집,첫 예약 할인,꽃 주문 서비스 ,포인트 혜택"
WJHplZWUycXZOLwMu7GRFg,장훈,서울특별시 강남구 선릉로157길 27-5 4층,,"일식,해물,생선요리,레스토랑,코스요리,회,사시미,스시,초밥,가이세키오마카세","노키즈존,노키즈존,발렛,자동결제,단체,무선인터넷,예약금 0원 결제,콜키지,대관","예약 성공 보장,첫 예약 할인,9월 캐치위크,리미티드위크,캐치포인트 적립,앵콜 리미티드"
o4E71-truy03LSrUxSCzHA,뽀모,서울특별시 강남구 선릉로 334 1층 102호,,"이탈리아음식,양식","단체,무선인터넷,콜키지,대관","예약 성공 보장,흑백요리사2: 김성운"
NI4Q0lsywMcx_ZLQeYYGqQ,당옥,서울특별시 강남구 강남대로162길 22 1층,,"카페 & 베이커리,디저트,카페","단체,무선인터넷","예약 성공 보장,흑백요리사2: 요리과학자"
T2_upDVZGd4QblkmBY9V4A,크랩52&샤브52,"서울특별시 강남구 영동대로 511 트레이드타워 52층 5201호, 5401호",,"뷔페,해물,생선요리,게, 랍스터","단체,대기공간,예약금 0원 결제,콜키지,주차,발렛","월 빈자리 신청 1천+,모엣&샹동 베스트 맛집,2024 BEST,모임 추천 맛집"
CtlpdGPGWSTKFPs54uNt0g,루나바인,서울특별시 강남구 논현로149길 13 예진빌딩 1층,,"주점,파스타,와인,칵테일,위스키","발렛,단체,무선인터넷,콜키지",위스키 페어링 맛집
8l78i9mwkkmoHXtQBj1Qug,428 레스토랑,서울특별시 강남구 봉은사로 428 호텔크레센도서울 1층,,"프랑스음식,유러피안음식,이탈리아음식,양식,파스타,스테이크,립,와인","콜키지 프리,장애인 편의시설,자동결제,예약금 0원 결제,주차,발렛,단체,무선인터넷,콜키지,대관","위스키 페어링 맛집,국내미식여행,첫 예약 할인"
e5X6HeAwp32nfTi2paLSbw,춘식당,서울특별시 강남구 도산대로23길 17 1층,,"다이닝바,한식,육류,고기요리,전통주","발렛,단체,콜키지,대관","위스키 페어링 맛집,농심면가 60,위스키 페어링 맛집,국내 최저가 위스키"
cKuH0p9j5MQZaEeeVXR-wQ,바랗,서울특별시 강남구 도산대로 309 지하1층,,"한식,일식,해물,생선요리,코스요리,회,사시미,와인,굴, 조개","콜키지 프리,아기의자,위스키 주문,대관,발렛,와인주문,단체,무선인터넷,웰컴키즈존,콜키지","위스키 페어링 맛집,리미티드위크,앵콜 리미티드,국내 최저가 위스키"
UmDR_Bd_E9EJ8-XIBD-XUg,CHARARI(차라리) 압구정로데오,서울특별시 강남구 선릉로157길 14-8,,"한식,주점,파스타,와인,전통주,다이닝바,요리주점","주차,발렛,자동결제,단체,무선인터넷,위스키 주문,콜키지,대관","위스키 페어링 맛집,소비쿠폰 사용 가능,예약 성공 보장,국내미식여행,첫 예약 할인,9월 캐치위크,리미티드위크,캐치포인트 적립,앵콜 리미티드,국내 최저가 위스키"
0frRSfwJvXDP3l3wW5-5xQ,도톤보리서울,서울특별시 강남구 강남대로152길 14 지하1층,,"일식,해물,생선요리,회,사시미,스테이크,립,이자카야,야키토리,다이닝바","자동결제,위스키 주문,주차,레터링,발렛,단체,무선인터넷,콜키지,대관","위스키 페어링 맛집,예약 성공 보장,첫 예약 할인,9월 캐치위크,국내 최저가 위스키"
YYA1WoLxFykB3TukA4sp9Q,해랑화,서울특별시 강남구 논현로 841 제이비 미소 빌딩  103호(신사동),,"회,사시미,스시,초밥","주차,콜키지 프리,발렛,자동결제,단체,무선인터넷,콜키지,대관","위스키 페어링 맛집,예약 성공 보장,포인트 혜택,국내 최저가 위스키"
DW7rB_ln9uRcITs4wEMa5Q,삼미미 이자카야,서울특별시 강남구 논현로87길 41 신일유토빌 1층,,"일식,이자카야,전통주,야키토리","발렛,자동결제,단체,예약금 0원 결제,주차,대관","위스키 페어링 맛집,첫 예약 할인,캐치포인트 적립"
JzGPJJtbaPoIivMuKcD1hg,비욘더 강남,서울특별시 강남구 역삼로7길 5 지하1층,,"이탈리아음식,양식,파스타,레스토랑,스테이크,립,와인,다이닝바","주차,레터링,장애인 편의시설,자동결제,단체,대기공간,무선인터넷,위스키 주문,전문 소믈리에,콜키지,대관","위스키 페어링 맛집,콜키지 프리 이벤트,강남 회식 맛집,당일 30% 할인,첫 예약 할인,앵콜 리미티드,포인트 혜택,국내 최저가 위스키"
0bmz_whLdG6j0otZgvXGUg,네기스키야키 압구정점,서울특별시 강남구 논현로 854 ANdAZ 지하1층,,"코스요리,일식,샤브샤브","예약금 0원 결제,주차,단체,무선인터넷,웰컴키즈존,콜키지","위스키 페어링 맛집,흑백요리사1: 장호준,10월 저장 TOP 30,11월 저장 TOP 30,2024 BEST,모임 추천 맛집"
KhrVIJJLOgo_E5oyZgdgOg,퀸즈파크 청담,서울특별시 강남구 압구정로60길 22 주몽,,"디저트,카페,이탈리아음식,카페 & 베이커리,브런치,피자,파스타,스테이크,립,와인","웰컴키즈존,레터링,발렛,단체,무선인터넷,전문 소믈리에,콜키지,대관","차은우 방문,모엣&샹동 베스트 맛집,리미티드위크,앵콜 리미티드"
kT8yRczXiCC4ShVIW9hbWg,란수사 일식,서울 강남구 언주로93길 14-3 1/2층 단독건물,,"한식,일식,해물,생선요리,코스요리,회,사시미,스시,초밥,게, 랍스터","예약금 0원 결제,콜키지,대관,반려동물,발렛,자동결제,단체,무선인터넷","차은우 방문,콜키지 프리 이벤트,소비쿠폰 사용 가능,당일 30% 할인,첫 예약 할인,9월 캐치위크,캐치포인트 적립,라스트 찬스"
5cHWvmmk3GMlkwPQw5Jhmw,유유서울(UU.SEOUL),서울 강남구 논현로 805 유로프라자 G층(봉피양 건물 지하 1층),,"이탈리아음식,파스타,와인,바베큐,다이닝바","노키즈존,발렛,자동결제,단체,무선인터넷,예약금 0원 결제,전문 소믈리에,콜키지,대관",첫 예약 할인
2WrY5oWxEqGfE9-3HAApfA,최수사 대게마을,서울특별시 강남구 논현로 429 C and C빌딩 3층,,"코스요리,일식,해물,생선요리,회,사시미,스시,초밥,게, 랍스터","주차,발렛,자동결제,단체,무선인터넷",첫 예약 할인
JgrLxFX2Dh8gdncgyIiIHQ,츄라우미 본점,서울특별시 강남구 언주로93길 21 남전타운 2층,,"일식,해물,생선요리,해물(탕/찜/볶음),회,사시미,이자카야","주차,주차,자동결제,단체,무선인터넷,장애인 편의시설,발렛,웰컴키즈존,콜키지,대관",첫 예약 할인
81Elm5nOaOkCu66vBXNZmA,와사이진,서울특별시 강남구 언주로 615 논현 아이파크 1층 103동 103호,,"일식,회,사시미,이자카야,스시오마카세","예약금 0원 결제,전문 소믈리에,콜키지,주차,노키즈존,대관",첫 예약 할인
pwFZ2QsxFm_5QqvvTdIC8w,공감블랙,서울특별시 강남구 강남대로158길 26 M-SPACE 1층 103호,,"일식,주점,해물,생선요리,회,사시미,스시,초밥,이자카야,요리주점","반려동물,발렛,단체,대기공간,무선인터넷,예약금 0원 결제,콜키지,대관",첫 예약 할인
JJzK5-zdej8rxwwMumd6qA,한올,서울특별시 강남구 도산대로15길 11 2층,,"한식,퓨전음식,이탈리아음식,주점,파스타,와인,칵테일,위스키","자동결제,발렛,단체,아기의자,무선인터넷,웰컴키즈존,콜키지,대관",첫 예약 할인
3_nlA5v8PNkfq77noQGBnQ,쿱 압구정로데오,서울특별시 강남구 압구정로50길 27 3층,,"유러피안음식,주점,피자,파스타,레스토랑,스테이크,립,와인","예약금 0원 결제,자동결제,단체,무선인터넷,콜키지,대관",첫 예약 할인
CZIo1MiFVAPMOIr8OGnHVA,사랑호 수산포차,서울특별시 강남구 도산대로51길 39 1층 (신사동),,"주점,회,사시미,이자카야","자동결제,단체,대기공간,무선인터넷",첫 예약 할인
13oAWDqqEtWAYUAJpmRGCw,리나스파파,서울특별시 강남구 도산대로12길 6 2층,,"이탈리아음식,이탈리아음식,주점,파스타,스테이크,립","주차,콜키지 프리,발렛,콜키지,자동결제,대관",첫 예약 할인
-ecTeq-fjXCvBPPu51XOcQ,더리틀포트,서울특별시 강남구 역삼로65길 20 1층 102호,,"디저트,카페,주점,카페 & 베이커리,브런치","반려동물,자동결제",첫 예약 할인
-3eiAYL5yFrjbzpO2EJtoQ,오츄카,서울특별시 강남구 남부순환로 2734 중앙빌딩 1층,,"닭 요리,요리주점,한식,주점,해물,생선요리,육류,고기요리,회,사시미,맥주,호프","자동결제,주차,단체,무선인터넷,콜키지",첫 예약 할인
_MR-JLkIewioN6mWUG8sQw,브루클린 크래프트,서울특별시 강남구 학동로6길 8 1층,,피자,"주차,자동결제",첫 예약 할인
0Pt-cGTkZYdTwladNtQBlQ,카페쉘리&캐주얼다이닝 강남수서점,서울특별시 강남구 밤고개로21길 71 1층,,"카페,이탈리아음식,주점,카페 & 베이커리,브런치,파스타","주차,예약금 0원 결제,웰컴키즈존,콜키지,장애인 편의시설,반려동물,자동결제,단체,아기의자,대기공간,무선인터넷,대관",첫 예약 할인
U2AW0BXtzq2lwGsuFzUKWQ,화작[야키톤&니혼슈],서울특별시 강남구 강남대로 630 1층,,"한식,육류,고기요리,기타 오마카세,한우오마카세,돼지고기구이,소고기구이,야키토리","노키즈존,노키즈존,예약금 0원 결제,콜키지,대관",첫 예약 할인
kiILacBZH5ML3w50Za2dEg,소류,서울특별시 강남구 도산대로70길 9 4층,,"일식,주점,해물,생선요리,이자카야,가이세키오마카세,칵테일,위스키","콜키지 프리,발렛,예약금 0원 결제,노키즈존,자동결제,단체,무선인터넷,콜키지,대관","첫 예약 할인,5주년 특별 할인"
Mo2o9tNPhYArUzID7gQ5hA,캑터스,서울 강남구 테헤란로 129 지하2층 캑터스,,"이탈리아음식,양식,브런치,파스타,스테이크,립,와인","주차,주차,콜키지 프리,레터링,자동결제,단체,아기의자,무선인터넷,웰컴키즈존,콜키지,대관","첫 예약 할인,9월 캐치위크,리미티드위크"
eqOyIc79y6NaVAp9AOU1qQ,레브어,서울특별시 강남구 도산대로58길 12 K2빌딩 2층,,"프랑스음식,주점,와인","노키즈존,레터링,발렛,자동결제,단체,예약금 0원 결제,콜키지,콜키지","첫 예약 할인,꽃 주문 서비스 ,Taste of Seoul,리미티드위크,캐치포인트 적립,앵콜 리미티드"
_wmbkL0w17c8is1qLdtIJg,디히랑,서울특별시 강남구 언주로121길 4-3 1층,,"한정식,코스요리,한식,백반,가정식","주차,자동결제,예약금 0원 결제,단체,콜키지,대관","첫 예약 할인,라스트 찬스"
IY0sOHlsdhXcPH75F4O_nw,풍천가 청담점,서울특별시 강남구 도산대로56길 7 1층,"메인 메뉴,안주류,식사 메뉴,코스 메뉴,temp,temp,temp,temp,왕새우 참숯구이,가리비 참숯구이,통 오징어,해산물 모듬구이 (대),누룽지,살얼음 김치말이 국수,비빔국수,공기밥,잔치국수,간장새우,우럭포찜,묵은지 목살 김치찌개,갈비살,항정살,해산물 모듬구이 (소),장어벌떡탕,풍천 특장어,활전복 버터 참숯구이,해물 우렁 된장찌개,목살,수제 소세지","해물,생선요리","예약금 0원 결제,발렛,단체,무선인터넷","첫 예약 할인,라스트 찬스"
BoTf-Q-51VRudezx292sxg,와일드버팔로,서울특별시 강남구 선릉로161길 15 1층,,"양식,닭 요리,주점,파스타,맥주,호프,다이닝바,요리주점","주차,발렛,자동결제,단체,무선인터넷,예약금 0원 결제,웰컴키즈존,콜키지,대관","첫 예약 할인,라스트 찬스"
VB3rvEyE4NjcT8LuWilxxA,회초리 씨푸드 대치점,서울특별시 강남구 삼성로82길 4 송암빌딩 1층,,"일식,해물,생선요리,파스타,기타 오마카세,회,사시미,스시,초밥","주차,장애인 편의시설,발렛,자동결제,단체,아기의자,무선인터넷,예약금 0원 결제,웰컴키즈존,대관","첫 예약 할인,리미티드위크"
w38WaVD2t5-b-OaMsUGarA,마마카세,서울특별시 강남구 도산대로24길 15 101호,,"한식,일식,코스요리,이자카야,맥주,호프,가이세키오마카세","자동결제,단체,무선인터넷,위스키 주문,예약금 0원 결제","첫 예약 할인,리미티드위크,국내 최저가 위스키"
Yz1Zsit3luTO0w09MOeuOA,바이탈바이브,"서울특별시 강남구 밤고개로34길 14 1,2층",,"유러피안음식,이탈리아음식,베지테리안/비건","콜키지 프리,반려동물,자동결제,대기공간,웰컴키즈존,콜키지,주차,장애인 편의시설,단체,무선인터넷,대관","첫 예약 할인,리미티드위크,앵콜 리미티드"
68PJRbLKHHEtTILLf1LLLg,육일점 다이닝,서울 강남구 언주로172길 56 2층,,"한식,육류,고기요리,기타 오마카세,코스요리,돼지고기구이","발렛,발렛,자동결제,예약금 0원 결제,전문 소믈리에,대관,단체,무선인터넷,콜키지","첫 예약 할인,리미티드위크,앵콜 리미티드,라스트 찬스"
0mJsKk0RRAyh28Rsp1YtwQ,에피스,서울특별시 강남구 언주로81길 26,,"유러피안음식,브런치","노키즈존,자동결제,예약금 0원 결제,주차,단체,무선인터넷,콜키지,대관","첫 예약 할인,리미티드위크,캐치포인트 적립,앵콜 리미티드"
Jg6Aq8yi0lT1wTYsv0AZ9g,살롱뒤부케,서울특별시 강남구 도산대로81길 16-6 1층,,"프랑스음식,해물,생선요리,파스타,레스토랑,코스요리,와인,파인다이닝","자동결제,단체,예약금 0원 결제,콜키지,대관,노키즈존,발렛,무선인터넷,전문 소믈리에","첫 예약 할인,캐치포인트 적립"
UAMNUf4T2v_5tyxFfVUGbg,쿠시루,서울특별시 강남구 선릉로161길 15 동인빌딩 3층,,"일식,기타 오마카세","자동결제,예약금 0원 결제,노키즈존,무선인터넷","첫 예약 할인,캐치포인트 적립"
BJDT0T3gJKe7PWAo9AL8IQ,로쿄 신논현,서울특별시 강남구 강남대로120길 13 지하1층,,"퓨전음식,이탈리아음식,일식,코스요리,파인다이닝","예약금 0원 결제,전문 소믈리에,대관,자동결제,단체,무선인터넷","첫 예약 할인,포인트 혜택"
UD4iEd30LTEDkb7Kg8Gpbw,지강한식당 압구정본점,"서울특별시 강남구 압구정로30길 17 이소니프라자 111호, 112호, 104-1호",,"한식,닭 요리,해물,생선요리,해물(탕/찜/볶음)","주차,단체,무선인터넷,웰컴키즈존,대관","첫 예약 할인,흑백요리사2: 선 넘은 짜장"
77FODm-30SOS8IsPYPeeYQ,리파인 신사역 가로수길점,서울특별시 강남구 도산대로11길 25 2층,,"한식,퓨전음식,양식,주점,와인,전통주,요리주점","위스키 주문,전문 소믈리에,발렛,자동결제,단체,아기의자,대기공간,무선인터넷,웰컴키즈존,콜키지,대관","청하 방문,소비쿠폰 사용 가능,위스키 페어링 맛집,예약 성공 보장,국내미식여행,첫 예약 할인,빗썸 행운 맛집,앵콜 리미티드,국내 최저가 위스키"
ax8dsNx8eI7pyQ-lgg9mxA,신사꽃게당 압구정로데오점,서울특별시 강남구 도산대로49길 13 SMART EXCHANGE 지하1층,,"한식,게, 랍스터","콜키지,발렛,자동결제,단체,대기공간,무선인터넷,대관","최민식 방문,1월 트래픽 급상승,예약 성공 보장,첫 예약 할인"
tx4CY_dgIlWhIF4vWJtUAg,살롱드호우섬 도곡점,서울특별시 강남구 언주로30길 56 타워팰리스 201호,,"중식,레스토랑","주차,자동결제,단체,아기의자,대기공간,무선인터넷,예약금 0원 결제,웰컴키즈존,웰컴키즈존,콜키지",캐치포인트
LpYNSN52Nv1ALaRSsB_k8w,뻬를라,서울특별시 강남구 도산대로55길 43 세정빌딩 1층,,"이탈리아음식,피자,파스타,와인","발렛,단체,무선인터넷,웰컴키즈존,콜키지,대관","코카-콜라 레드리본 맛집 2024 서울편,2025 레드리본 전국의 맛집"
xVg6wlRE4TYMpJ9RkPxrcw,반피차이,서울특별시 강남구 강남대로124길 23 1층,,"태국음식,아시아음식","주차,반려동물,단체,무선인터넷,콜키지,대관","코카-콜라 레드리본 맛집 2024 서울편,2025 레드리본 전국의 맛집,소비쿠폰 사용 가능,앵콜 리미티드,라스트 찬스"
T3zxV2O-V3v_0Sn6uZhUCA,호텔 카푸치노 레스토랑 핫이슈,서울특별시 강남구 봉은사로 155 호텔 카푸치노 17층,,"이탈리아음식,양식,파스타,코스요리,스테이크,립,와인","대기공간,발렛,단체,무선인터넷,콜키지,대관","코카-콜라 레드리본 맛집 2024 서울편,발렌타인 맛집,화이트데이 맛집,가정의달 맛집,2025 레드리본 전국의 맛집,국내미식여행,리미티드위크,앵콜 리미티드"
LkPJrfySL0TW6-X-2BTHUw,은화계 도산대로점,서울특별시 강남구 도산대로 152 영동빌딩 1층,,"닭 요리,육류,고기요리","자동결제,예약금 0원 결제,주차,콜키지","코카-콜라 레드리본 맛집 2024 서울편,첫 예약 할인"
K0TLnxv2AhuZjuzf6_KvzQ,붓처스컷 도산점,"서울특별시 강남구 언주로 837 1, 2층",,"아메리칸음식,브런치,스테이크,립","발렛,단체,전문 소믈리에,웰컴키즈존,콜키지,대관","코카-콜라 레드리본 맛집 2024 전국편,스텔라 인증 BEST 생맥주,코카-콜라 레드리본 맛집 2024 서울편,모엣&샹동 베스트 맛집,2025 레드리본 전국의 맛집"
sbd0r56qnTlq7MlhD79CWA,모즈(MOZU),서울특별시 강남구 학동로55길 12-4 1층,,"일식,해물,생선요리,야키토리","노키즈존,발렛,발렛,단체,예약금 0원 결제,콜키지,대관","콜키지 프리 이벤트,리미티드위크,앵콜 리미티드"
VHsrKMqBI1ryE975odc4rQ,무아,서울특별시 강남구 논현로151길 33 2층,,"한식,퓨전음식,일식,코스요리,컨템포러리,가이세키오마카세,파인다이닝","노키즈존,예약금 0원 결제,레터링,발렛,단체,무선인터넷,콜키지,대관","콜키지 프리 이벤트,소비쿠폰 사용 가능,예약 성공 보장,꽃 주문 서비스 "
WveWa05D82xQMSoGdkdiMQ,두사라 신사점,서울특별시 강남구 강남대로154길 13 1충,,"다이닝바,일식,주점,해물,생선요리,회,사시미,스시,초밥,이자카야,가이세키오마카세","콜키지 프리,발렛,예약금 0원 결제,자동결제,단체,콜키지,대관","콜키지 프리 이벤트,소비쿠폰 사용 가능,첫 예약 할인,5주년 특별 할인,9월 캐치위크"
1lU9YiHp6kF6HBw7FSSlig,호시 hosi,서울 강남구 선릉로161길 15-4 1층,,"퓨전음식,일식,해물,생선요리,육류,고기요리,해물(탕/찜/볶음),회,사시미,이자카야","주차,반려동물,자동결제,단체,예약금 0원 결제,무선인터넷,콜키지,대관","콜키지 프리 이벤트,소비쿠폰 사용 가능,첫 예약 할인,9월 캐치위크,캐치포인트 적립,라스트 찬스"
xY4uVDRwq4BC8fyuIOpYog,요리야희야,서울특별시 강남구 논현로167길 15 1층안쪽,,"코스요리,일식,이자카야","자동결제,예약금 0원 결제,노키즈존,단체,무선인터넷,콜키지,대관","콜키지 프리 이벤트,소비쿠폰 사용 가능,첫 예약 할인,리미티드위크,앵콜 리미티드"
Nc8zBGBzajWk2KVN0suAFw,곰스603 논현,서울특별시 강남구 논현로 613 1층,,"퓨전음식,파스타,스테이크,립","위스키 주문,주차,단체,무선인터넷,콜키지,대관","콜키지 프리 이벤트,위스키 페어링 맛집,국내 최저가 위스키"
DUND0-jKtr3vHp-_6Yn3EQ,MUU한우다이닝 본점,서울특별시 강남구 강남대로122길 55 1층,,"한식,육류,고기요리,코스요리,스테이크,립,한우오마카세,소고기구이,파인다이닝","콜키지 프리,단체,위스키 주문,예약금 0원 결제,주차,와인주문,자동결제,콜키지,대관","콜키지 프리 이벤트,위스키 페어링 맛집,첫 예약 할인,꽃 주문 서비스 ,리미티드위크,앵콜 리미티드,포인트 혜택,국내 최저가 위스키"
Yr8j5dKnaNxEv9CU3M_V6w,소연 삼성점,"서울특별시 강남구 봉은사로84길 24-2 1, 2층","정식 B,단품,정식 A,특선정식,temp,temp,temp,temp,메밀묵,보쌈or수육,모듬전,참문어,콩죽,후식,국수,국수,메밀묵,후식,콩죽,모듬전,메밀묵,모듬전,후식,콩죽,보쌈or수육,국수,만두국,해물파전,참문어 소,찐만두,떡국,메밀묵 대,우거지국밥,보쌈 대,메밀묵 소,콩국수,황태구이,참문어 대,모듬전 소,비빔국수,모듬전 대,떡만두국,소연전골,우거지장국,수육 소,보쌈 소,수육 대,녹두전,감자전,안동국시,소연국수","국수,한식,백반,가정식","주차,콜키지 프리,자동결제,콜키지,단체",포인트 혜택
Fm_jx7U-rtuTO9OPqze-OA,트라가 역삼점,서울특별시 강남구 테헤란로25길 46 1층,,"스페인음식,양식,주점,피자,파스타,와인","주차,콜키지 프리,자동결제,단체,무선인터넷,콜키지,대관",포인트 혜택
ndaYdhwK1B5EOdsMT5Y2kQ,PONO BUONO 포노 부오노,서울특별시 강남구 도산대로45길 8-7 2층,,"이탈리아음식,주점,스테이크,립,다이닝바","예약금 0원 결제,콜키지,반려동물,발렛,무선인터넷,전문 소믈리에,웰컴키즈존,대관","흑백요리사1: 히든천재,9월 저장 TOP 30,10월 저장 TOP 30,11월 저장 TOP 30,2024 BEST,12월 저장 TOP 30,발렌타인 맛집,1월 저장 TOP 30,2월 저장 TOP 30,2025 레드리본 전국의 맛집,리미티드위크,앵콜 리미티드"
M201Ig6UxXOIArecv9WCzA,호루몬,서울특별시 강남구 언주로152길 11-5 상복빌딩 2층,,"코스요리,일식,육류,고기요리,기타 오마카세,곱창,막창","발렛,콜키지,대관",흑백요리사2: 내장백서
DGBNtyWslTvgr0cYrj2Jag,곱 강남점,서울특별시 강남구 역삼로3길 12 1층,,"곱창,막창","콜키지 프리,콜키지",
L5MVi-adLTMBMSMeg6KQ7g,도래집 강남점,서울특별시 강남구 강남대로98길 8 1층,,"곱창,막창","주차,대기공간,콜키지,단체,무선인터넷","6월 줄서는 맛집,강남 회식 맛집,모임 추천 맛집"
phdzjbw_Pvy4mYeNAiDm7g,식스나잇,서울특별시 강남구 언주로174길 13 지하 1층 ,,"다이닝바,주점,와인,칵테일,위스키","노키즈존,발렛,단체,대관",
8z5hoGcgj1zRmaRigZe1pQ,호텔 카푸치노 루프탑바,서울특별시 강남구 봉은사로 155 호텔 카푸치노 17층,,"다이닝바,주점,와인,칵테일,위스키","발렛,단체,무선인터넷,대관",국내미식여행
09b7enGj6C6m4fSU4QKedw,진전복삼계탕 논현본점,서울특별시 강남구 언주로133길 18 지하 1층,,"닭 요리,한식","주차,장애인 편의시설,발렛,단체,무선인터넷,콜키지,대관",
okDpTvTjZoWReJ2W9dVW_w,진전복삼계탕 강남구청점,서울특별시 강남구 선릉로129길 21 B1층,,"닭 요리,한식","발렛,콜키지,장애인 편의시설,단체,무선인터넷",1월 트래픽 급상승
BiY91sZdT3n9AvKP_TgsRg,류몽민 논현본점,서울특별시 강남구 학동로25길 11 씨플레이스 씨플레이스 2층 101호,,"닭 요리,한식","주차,단체,무선인터넷,콜키지,대관","임영웅 방문,코카-콜라 레드리본 맛집 2024 전국편,코카-콜라 레드리본 맛집 2024 서울편,2025 레드리본 전국의 맛집"
d2W7Whlv8TMpQ62Ip_x8Mg,베지야,서울특별시 강남구 논현로114길 18 1층,,베지테리안/비건,"자동결제,단체,무선인터넷",
9eikzEgvHCdj6JK48CI7DQ,단백하루 선릉점,서울특별시 강남구 삼성로81길 32,,베지테리안/비건,"장애인 편의시설,자동결제,단체,무선인터넷,대관",
E8W1dAGttTv1N3KOEV49yw,신라스테이 삼성 Cafe,서울특별시 강남구 영동대로 506 신라스테이 삼성 20층,,"뷔페,호텔뷔페","주차,장애인 편의시설,단체,무선인터넷,콜키지,대관","국내미식여행,모임 추천 맛집"
pqCanEWAtlKI5JUoLajQkg,삼정호텔 마리스,서울특별시 강남구 봉은사로 150 삼정관광호텔  1층,,"뷔페,호텔뷔페","장애인 편의시설,발렛,아기의자,웰컴키즈존,주차,단체,무선인터넷,콜키지,대관","국내미식여행,호텔 뷔페 최저가 도전"
cz3v26hNk_pJiPdbqtMYIg,포포인츠 바이 쉐라톤 서울 강남 에볼루션,서울특별시 강남구 도산대로 203 포포인츠바이쉐라톤서울강남 3층,,"뷔페,호텔뷔페","발렛,단체,무선인터넷,콜키지,대관","국내미식여행,호텔 뷔페 최저가 도전,12월 50,000P"
5WyhUJGsckmP7vkzeVQl3Q,그랜드 인터컨티넨탈 서울 파르나스 그랜드 키친,서울특별시 강남구 테헤란로 521 파르나스타워 그랜드 인터컨티넨탈 서울 파르나스 1층,,"뷔페,호텔뷔페","주차,발렛","리미티드위크,앵콜 리미티드,12월 50,000P"
5pHekbQvI92zy5GQTVbCzQ,이비스스타일앰배서더강남 프레쉬365다이닝,서울특별시 강남구 삼성로 431 이비스 스타일 앰배서더 서울 강남 이비스 스타일 앰배서더 강남 호텔 2층 레스토랑,,"뷔페,호텔뷔페","주차,무선인터넷,콜키지",호텔 뷔페 최저가 도전
BH8PQkVmUnTdVtZo2o2Aqg,웨스틴 서울 파르나스 온 테이블,서울 강남구 봉은사로 524 Lobby Floor (L),,"뷔페,호텔뷔페","주차,장애인 편의시설,발렛,단체,무선인터넷","호텔 뷔페 최저가 도전,리미티드위크,앵콜 리미티드,12월 50,000P"
wePCzYm3IGFYbjak2_-xBA,피제리아 호키포키 삼성점,서울특별시 강남구 봉은사로84길 7  1층(삼성동),,"아메리칸음식,피자","주차,반려동물,단체,무선인터넷,콜키지,대관",
KyBhHOuGlKeyvOQNvFaLNg,더피자스탠드,서울특별시 강남구 삼성로81길 39 유성빌딩 1층,,"아메리칸음식,피자","콜키지 프리,주차,단체,무선인터넷,웰컴키즈존,콜키지,대관",
ZFr1Racy3JVdnQ_uwdggUA,모던아시안누들서비스,서울특별시 강남구 강남대로162길 41-20 1층,,아시아음식,"단체,콜키지,대관,무선인터넷",라스트 찬스
SpMnzNkpthlmGHB5iC3p5w,스트릿 스퀘어점,서울특별시 강남구 역삼로1길 17 스트릿 스퀘어점,,아시아음식,"주차,발렛,자동결제,단체,무선인터넷,대관",예약 성공 보장
vCFaE-CefvBaw8lgd_pxQg,js가든 블랙,서울특별시 강남구 언주로150길 32 1층,,"오리 요리,중식","발렛,예약금 0원 결제,단체",
V7kdSf1C6tsnqpHuuyfEvg,덕후선생 강남점,서울특별시 강남구 테헤란로 134 포스코타워 역삼 지하 1층,"면 덕후 메뉴,요리 덕후 메뉴,temp,temp,총유면,대배 산라문,우육면,호남식 남육 초반,유발면,유발면,계란 초반,마장면,트러플 계란 초반,마라새우,굴소스 채소 볶음,면포하,계절 조개 냉채,진 마파두부,소총홍소어,보이차 꽃 새우,마장와순,수자우육,백산육,동파육,귀신닭,랄자계,쯔란 갈비,사천식 바지락 볶음","오리 요리,중식","주차,무선인터넷,예약금 0원 결제,단체,콜키지","코카-콜라 레드리본 맛집 2024 서울편,2025 레드리본 전국의 맛집"
keluC_oZBKd49R6Dv2JBKQ,드 미뉴엣,서울특별시 강남구 도산대로27길 25 1층,,"와인,칵테일,위스키","주차,자동결제,단체,무선인터넷,대관",
PjhZNtuS09dHJhT_xJOPhA,뮤즈온,서울특별시 강남구 도산대로15길 32 파샤빌딩 2층,,"와인,칵테일,위스키","예약금 0원 결제,자동결제,단체,무선인터넷",첫 예약 할인
xilp9kpDEEff5Vux3R8tlA,압구정오뎅살롱,서울특별시 강남구 선릉로155길 25 1층 103호,,요리주점,"노키즈존,반려동물,자동결제,단체,무선인터넷,대관",
JsLlaZQkcsS327dxfVEUHA,관계,서울특별시 강남구 논현로157길 29 한양아파트 1층 관계,,요리주점,"예약금 0원 결제,반려동물,단체,무선인터넷","농심면가 60,첫 예약 할인"
EXEGINlTddMaMep3uIc9qA,세브도르와인바,서울특별시 강남구 언주로 431 삼봉빌딩 1층,,"유러피안음식,주점,와인","주차,노키즈존,전문 소믈리에",
gEtJPPb1p9tR78iQIi-tOA,띠엘로,서울특별시 강남구 강남대로94길 14 2층,,"유러피안음식,주점,와인","자동결제,예약금 0원 결제,주차,콜키지 프리,단체,무선인터넷,전문 소믈리에,콜키지,대관","강남 회식 맛집,첫 예약 할인"
IgetClvphNqKsoI18Etm8A,을지다락 가로수길,"서울특별시 강남구 압구정로10길 29 신성빌딩 지상2층(신사동, 신성빌딩)",,"유러피안음식,퓨전음식,파스타","단체,무선인터넷",
IB06bdOpf7vUeCaf0MYDXA,을지다락 도산공원,서울특별시 강남구 언주로168길 25  2층(신사동),,"유러피안음식,퓨전음식,파스타","단체,무선인터넷",
WjOD1jGSsxkjLaWm8S9vMQ,상록수 선릉점,서울특별시 강남구 삼성로85길 43 호성빌딩 1층,,"육류,고기요리,돼지고기구이","단체,무선인터넷,웰컴키즈존,대관",
2rhBM6PD7aMJqM1sSymkNA,숯불가든 청숫,서울특별시 강남구 삼성로 622 대명빌딩 1층,,"육류,고기요리,돼지고기구이","주차,콜키지 프리,장애인 편의시설,자동결제,단체,대기공간,무선인터넷,콜키지,대관",
IdbneLxurIPb1WGcA-PCzw,제주몬트락 한티점,서울특별시 강남구 선릉로64길 11-4 1층,,"육류,고기요리,돼지고기구이","발렛,단체,무선인터넷,콜키지",
AI8myeXDNbWwW4wcHpxGkQ,연탄김평선 강남본점,서울특별시 강남구 선릉로90길 64 지상1층,,"육류,고기요리,돼지고기구이","콜키지 프리,반려동물,단체,무선인터넷,콜키지,대관",
wgOyxnqfTu_KdNfmOjEe7g,두배고기,서울특별시 강남구 테헤란로6길 42 1층,,"육류,고기요리,돼지고기구이","단체,대기공간,무선인터넷",
tBs8hGyy8GX-NhAcCHdIiA,참한집 논현직영점,서울특별시 강남구 강남대로122길 5 유창빌딩 1층,,"육류,고기요리,돼지고기구이","아기의자,대기공간,무선인터넷,웰컴키즈존",
p_d9AUirq_Ee7P1CAeBSFQ,사람사는 고깃집 김일도 뱅뱅점,서울특별시 강남구 도곡로3길 13 르-메이에르 타운 1층,,"육류,고기요리,돼지고기구이","콜키지,주차,단체","1월 트래픽 급상승,강남 회식 맛집,모임 추천 맛집,라스트 찬스"
qDb_WKewWzhZpxrTwghygQ,제주옥탑 블랙BBQ 압구정,서울특별시 강남구 언주로170길 34 1층,,"육류,고기요리,돼지고기구이","발렛,단체,무선인터넷,콜키지","6월 줄서는 맛집,1월 트래픽 급상승"
83ai3Ozem21h8w8MuDOyfA,돝고기506,서울 강남구 테헤란로 145 지하1층,,"육류,고기요리,돼지고기구이","아기의자,대기공간,예약금 0원 결제,주차,단체,무선인터넷,웰컴키즈존,콜키지","[생방송투데이] ,모임 추천 맛집"
vblamaENimGUvdb87e3guw,빨간의자집 강남역점,서울특별시 강남구 테헤란로1길 28-13 1층,,"육류,고기요리,돼지고기구이","주차,단체,대기공간,무선인터넷,콜키지",강남 회식 맛집
KgDU63mrHwgAL41KTICWNg,육품,서울특별시 강남구 테헤란로1길 28-1,,"육류,고기요리,돼지고기구이","주차,단체,무선인터넷","강남 회식 맛집,모임 추천 맛집"
72i-c6KluaGvrp1SzlhCtA,신사고집 신논현점,서울특별시 강남구 봉은사로5길 10 1층,,"육류,고기요리,돼지고기구이","콜키지 프리,주차,단체,무선인터넷,콜키지,대관","강남 회식 맛집,위스키 페어링 맛집,모임 추천 맛집,국내 최저가 위스키"
KMmsD-cDByhJabnXeLF3dA,원조마포소금구이 강남점,서울특별시 강남구 압구정로 110 화인빌딩 1층,,"육류,고기요리,돼지고기구이","반려동물,발렛,콜키지,대관",산토리 하이볼명가100
zVb7gGpjravvqspTNh1I1g,원조마포소금구이 도산점,"서울특별시 강남구 도산대로53길 21 지상1층, 2층",,"육류,고기요리,돼지고기구이","콜키지,반려동물,발렛,대관",산토리 하이볼명가100
JyHNusyrNtfhh3pgyE4llw,순정갈비 선릉직영점,서울특별시 강남구 선릉로90길 56 대치동 대우아이빌명문가 1층 104호,,"육류,고기요리,돼지고기구이","주차,단체,대기공간,무선인터넷,예약금 0원 결제,콜키지,대관",예약 성공 보장
JrqfgupEFr52PzRmRZmAdQ,수미돈 삼성점,서울특별시 강남구 삼성로103길 12 신도브래뉴주상복합 106,,"육류,고기요리,돼지고기구이","콜키지 프리,자동결제,단체,아기의자,대기공간,무선인터넷,웰컴키즈존,콜키지,대관",예약 성공 보장
C2UcACxMp8zChuhmI3-uVQ,신사고집 압구정점,서울특별시 강남구 논현로167길 13 1층,,"육류,고기요리,돼지고기구이","콜키지 프리,단체,무선인터넷,예약금 0원 결제,웰컴키즈존,주차,콜키지,대관","위스키 페어링 맛집,국내 최저가 위스키"
xa7ghvWv7btqGiyUoQjBEA,경복냉삼,서울특별시 강남구 언주로108길 12 1층 102호,,"육류,고기요리,돼지고기구이","콜키지 프리,위스키 주문,예약금 0원 결제,발렛,단체,대기공간,무선인터넷,콜키지,대관","쯔양 방문,농심면가 60,위스키 페어링 맛집,첫 예약 할인,꽃 주문 서비스 ,국내 최저가 위스키"
UvHhdM5kaq8zMjp1K2J6tg,두툼 강남점,서울특별시 강남구 선릉로93길 56 1층,,"육류,고기요리,돼지고기구이","발렛,발렛,자동결제,단체,아기의자,대기공간,무선인터넷,웰컴키즈존",첫 예약 할인
yarU9s4LG9K3258lsiQrSw,돼지벅스,서울특별시 강남구 강남대로62길 24 1층,,"육류,고기요리,돼지고기구이","주차,반려동물,자동결제,단체,대기공간,무선인터넷,웰컴키즈존,콜키지,대관","첫 예약 할인,라스트 찬스"
SVm57eH5B0DsMJnMWzLL3g,팔화당 선릉점,"서울특별시 강남구 테헤란로52길 15 금천빌딩 제비1층 101호, 103호",,"육류,고기요리,돼지고기구이,소고기구이","주차,장애인 편의시설,발렛,단체,대기공간,무선인터넷,콜키지,대관",
0reEm5DD-lzK-KSs3rNZHQ,짐승고깃간,서울특별시 강남구 언주로134길 29 2층,,"육류,고기요리,돼지고기구이,소고기구이","주차,예약금 0원 결제,콜키지,단체,아기의자,대기공간,무선인터넷,웰컴키즈존,대관",
RpNqrINwlbU-wDsUjI5zwQ,더바른정육식당 강남신논현역본점,서울특별시 강남구 강남대로 482 1층,,"육류,고기요리,돼지고기구이,소고기구이","주차,주차,콜키지 프리,발렛,단체,무선인터넷,콜키지",
f5lQJZ19r_I1pvGQKCK2KQ,육가온 역삼점,서울특별시 강남구 논현로 503 송촌빌딩 지하1층 제1호부터 제12호,,"육류,고기요리,돼지고기구이,소고기구이","주차,단체,아기의자,대기공간,무선인터넷,웰컴키즈존,콜키지,대관",모임 추천 맛집
sX6b62GkF4RxpJPbV_7OXQ,동남회관 ,서울특별시 강남구 언주로93길 24 태선빌딩 1층,,"육류,고기요리,돼지고기구이,소고기구이","주차,자동결제,단체,무선인터넷,콜키지,대관",예약 성공 보장
31wF-1TsEvXAULHQxX8lDg,크라운돼지,서울특별시 강남구 강남대로156길 17-1,,"육류,고기요리,돼지고기구이,소고기구이","발렛,단체,무선인터넷,콜키지,대관","예약 성공 보장,흑백요리사2: 송훈"
FHFfGLwLfzH7UlCxCOzrrg,청담고수 2호점,서울특별시 강남구 압구정로79길 18 1층,,"육류,고기요리,돼지고기구이,소고기구이","주차,콜키지 프리,위스키 주문,예약금 0원 결제,발렛,와인주문,단체,무선인터넷,웰컴키즈존,콜키지,대관","위스키 페어링 맛집,모임 추천 맛집,국내 최저가 위스키"
rhxf7AYsDLutL7NrNwZmzA,우림,서울특별시 강남구 언주로108길 10 맛미빌딩,,"육류,고기요리,소고기구이","발렛,단체,무선인터넷,예약금 0원 결제,콜키지,대관",
IBXJaX9iCH2Sna13yRPYcA,순정한우정육식당 논현점,서울특별시 강남구 봉은사로37길 9 청마빌딩 지상1층 101호,,"육류,고기요리,소고기구이","반려동물,발렛,단체,아기의자,무선인터넷,웰컴키즈존,콜키지,대관",
o-_W1AkLBJTE-OtDPoUnAg,한우촌 안동갈비,서울특별시 강남구 선릉로161길 8 지상1층 101호,,"육류,고기요리,소고기구이","콜키지 프리,반려동물,발렛,자동결제,단체,무선인터넷,웰컴키즈존,콜키지,대관",
w-gLudSArhAr2W53w9VbtQ,소제이 서울본점,서울특별시 강남구 강남대로114길 13 광명빌딩 1층 소제이 서울본점,,"육류,고기요리,소고기구이","자동결제,단체,대기공간,대관","1월 트래픽 급상승,강남 회식 맛집,당일 30% 할인,첫 예약 할인"
PhS5U15DZ6uj2SrJRajAPA,경천애인2237 삼성본점,서울특별시 강남구 테헤란로 421 암천BLDG 3층,,"육류,고기요리,소고기구이","콜키지 프리,레터링,장애인 편의시설,발렛,단체,아기의자,대기공간,무선인터넷,웰컴키즈존,콜키지,대관","2025 레드리본 전국의 맛집,라스트 찬스"
EHc1ydaFwhFDqUGo6awY4A,한우드림 신사점,서울 강남구 강남대로152길 62 2층,,"육류,고기요리,소고기구이","발렛,대기공간,무선인터넷,예약금 0원 결제,콜키지",가정의달 맛집
p321-4CQyesM3YyuCbF5Ig,육미안 강남점,서울특별시 강남구 강남대로106길 9 1층,,"육류,고기요리,소고기구이","주차,장애인 편의시설,단체,대기공간,무선인터넷",강남 회식 맛집
tTXCVPiKj5JnMnJCLIyRsA,창고43 삼성점,서울특별시 강남구 테헤란로 534 글라스타워빌딩 지하1층,,"육류,고기요리,소고기구이","주차,콜키지 프리,단체,콜키지,대관","모임 추천 맛집,리미티드위크,앵콜 리미티드"
cQ2GrSHpB0LH1zs6eL-r8w,창고43 역삼점,서울특별시 강남구 테헤란로 306 카이트타워 1층,,"육류,고기요리,소고기구이","주차,콜키지 프리,단체,콜키지,대관","모임 추천 맛집,리미티드위크,앵콜 리미티드"
GsdQLQ8-_t4JAEzIsa_IzQ,맛배고기,"서울특별시 강남구 학동로2길 35 1,2층",,"육류,고기요리,소고기구이","주차,자동결제,단체,대기공간,무선인터넷,대관",예약 성공 보장
gGgCOgIdzv8ltri3U2H8xA,화설 선릉직영점,서울특별시 강남구 삼성로85길 26 V & S 1층,,"육류,고기요리,소고기구이","주차,콜키지 프리,단체,대기공간,무선인터넷,위스키 주문,콜키지,대관","위스키 페어링 맛집,국내 최저가 위스키"
3bo9wMUdCLITWLPe7_dnLg,한우스팟,서울특별시 강남구 도산대로49길 6-10,,"육류,고기요리,소고기구이","콜키지 프리,반려동물,발렛,단체,대기공간,무선인터넷,위스키 주문,예약금 0원 결제,콜키지,대관","위스키 페어링 맛집,국내 최저가 위스키"
olhv1OdkYn1oa-MlsKxk5Q,넘버원양꼬치 강남 삼성점,서울특별시 강남구 삼성로100길 12 지상1층,,"육류,고기요리,양고기","반려동물,발렛,자동결제,단체,아기의자,무선인터넷,웰컴키즈존,콜키지,대관",
PSGCSNQeMEGOpCUbx1v89Q,미랑 선릉본점,서울특별시 강남구 테헤란로51길 10 정다운빌딩 2층,,"육류,고기요리,양고기","주차,콜키지 프리,장애인 편의시설,단체,대기공간,무선인터넷,콜키지,대관","스텔라 인증 BEST 생맥주,소비쿠폰 사용 가능"
fdaHzJc-Rx_msJQwcF34rQ,뜨락,서울특별시 강남구 영동대로142길 13-3,"구이류,곁들임,특수부위,식사,temp,temp,temp,temp,채끝 150g,등심 150g,가자미식혜,안동산 하몽,공기밥,누룽지,보리굴비,살치살 130g,양념등심 150g,안심 육전,비빔국수,안심 150g,한우 된장찌개,육회,안창살 130g","육류,고기요리,한우오마카세,소고기구이","콜키지 프리,아기의자,무선인터넷,예약금 0원 결제,주차,발렛,단체,전문 소믈리에,웰컴키즈존,콜키지,대관","Taste of Seoul,2025 레드리본 전국의 맛집,모임 추천 맛집,Taste of Seoul,동네의 고수"
ZFr8salFcbZbiW21pUF0mQ,우시야 본점 압구정점,서울특별시 강남구 도산대로27길 16 1층,,"육류,고기요리,한우오마카세,소고기구이","콜키지 프리,예약금 0원 결제,노키즈존,발렛,단체,대기공간,무선인터넷,콜키지,대관",[수요미식회] 
hzZ3oSSSDsDTrQJ5Jdjitw,휴고 도산,서울특별시 강남구 도산대로49길 31 아뜨레빌딩 1층 106호,,"이탈리아음식,이탈리아음식","반려동물,단체,아기의자,무선인터넷,웰컴키즈존,콜키지,대관","2025 레드리본 전국의 맛집,소비쿠폰 사용 가능"
Qt3LZVFP_eUNy8SDOpOdlA,마마논마마,서울특별시 강남구 논현로175길 101-3 2층,,"이탈리아음식,이탈리아음식","발렛,자동결제,단체,무선인터넷,전문 소믈리에,콜키지",첫 예약 할인
b5CljX8RaoIr1XIF7XoHRA,클로즈키친,서울특별시 강남구 압구정로14길 39 1층 102호,,"이탈리아음식,이탈리아음식","콜키지 프리,자동결제,예약금 0원 결제,단체,무선인터넷,웰컴키즈존,콜키지,대관","첫 예약 할인,캐치포인트 적립"
FrNbE4OvB_iMgWYnwWqZ_w,Balkony Kitchen (발코니 키친),서울특별시 강남구 양재천로 193,,"이탈리아음식,이탈리아음식,파스타","단체,콜키지,대관",
nUBI1k0MMWeWiVeRn5QyHA,심플로우,서울특별시 강남구 테헤란로52길 16 테헤란아이파크 1층 심플로우,,"이탈리아음식,이탈리아음식,파스타","주차,단체,대기공간,무선인터넷,웰컴키즈존,콜키지,대관",
YtzRBg0y3toslMMb2VV3Iw,델스포 역삼본점,서울특별시 강남구 언주로93길 28-4 2층,,"이탈리아음식,이탈리아음식,파스타","콜키지 프리,자동결제,예약금 0원 결제,웰컴키즈존,대관,단체,무선인터넷,콜키지","모임 추천 맛집,첫 예약 할인,캐치포인트 적립"
PVKCWrDO8Xvqx8Zb-RbArQ,토파,서울특별시 강남구 도산대로68길 11 웅찬빌딩 지하 1층,,"이탈리아음식,이탈리아음식,파스타","발렛,자동결제,예약금 0원 결제,무선인터넷,전문 소믈리에,콜키지","발렌타인 맛집,화이트데이 맛집,예약 성공 보장,모임 추천 맛집,캐치포인트 적립"
cxnIhgL45YcfigiAIpV1JA,미에뜨,서울 강남구 양재천로 195 나노빌딩 1층,,"이탈리아음식,이탈리아음식,피자,파스타","주차,단체,무선인터넷,콜키지",2024 BEST
YCmyCEYSR2VY7eJRlemNkQ,이엘포레스트,서울특별시 강남구 언주로 405 202호,,"이탈리아음식,이탈리아음식,피자,파스타","단체,아기의자,무선인터넷,웰컴키즈존,콜키지,대관",강남 회식 맛집
NswAW44PmCxUpU21q26LbQ,아이수마,서울특별시 강남구 학동로56길 26 재율빌딩 1층 102호(삼성동),,"이탈리아음식,이탈리아음식,피자,파스타","콜키지 프리,예약금 0원 결제,웰컴키즈존,주차,자동결제,단체,무선인터넷,콜키지,대관","첫 예약 할인,리미티드위크,앵콜 리미티드"
gLaxvPNtP86W1RwGSPAwzg,리알토,서울특별시 강남구 삼성로149길 13 2층,,"이탈리아음식,코스요리,파인다이닝,이탈리아음식","예약금 0원 결제,발렛,무선인터넷,전문 소믈리에,콜키지,대관","Michelin Guide Selection,미쉐린가이드 서울 2025,코카-콜라 레드리본 맛집 2024 전국편,코카-콜라 레드리본 맛집 2024 서울편,2025 레드리본 전국의 맛집,모임 추천 맛집"
cjAy_NbP17irQfzaRfqoBw,CHOI. 쵸이닷,서울특별시 강남구 도산대로 457 앙스돔빌딩 3층,,"이탈리아음식,코스요리,파인다이닝,이탈리아음식","전문 소믈리에,노키즈존,레터링,발렛,단체,무선인터넷,콜키지,대관","[아옳이 유튜브] ,흑백요리사1: 최현석,9월 저장 TOP 30,Taste of Seoul,10월 저장 TOP 30,11월 저장 TOP 30,2024 BEST,12월 저장 TOP 30,1월 저장 TOP 30,2월 저장 TOP 30,3월 저장 TOP 30,4월 저장 TOP 30,5월 저장 TOP 30,국내미식여행,모임 추천 맛집,리미티드위크,앵콜 리미티드"
oTHOgQmQtLLPMUdjei6WHA,페코리노,서울특별시 강남구 도산대로68길 18 1층,,"이탈리아음식,파스타","발렛,전문 소믈리에,콜키지","발렌타인 맛집,화이트데이 맛집,모임 추천 맛집"
n2QPSSpwMpWVhKNwcGGeGw,일리조,서울특별시 강남구 압구정로42길 23 1층,,"이탈리아음식,파스타","콜키지 프리,예약금 0원 결제,단체,무선인터넷,콜키지,대관",스텔라 인증 BEST 생맥주
KDFZtz4PC0lVdKG1RKk9VQ,480그라디,서울특별시 강남구 도산대로54길 17 1층,,"이탈리아음식,피자","발렛,자동결제,단체,아기의자,무선인터넷,웰컴키즈존,콜키지,대관",리미티드위크
hY3V5_36ksRs-YUvN-1NAw,피자느반 PIZZA N`BANNE,"서울특별시 강남구 삼성로 212 은마아파트 지하1층 A블럭 76호, 73호",,"이탈리아음식,피자","주차,콜키지 프리,반려동물,자동결제,단체,대기공간,무선인터넷,웰컴키즈존,콜키지",첫 예약 할인
d5fKGat5Whoygv8CmRLdBg,오몬자,서울특별시 강남구 봉은사로2길 19 1층 (역삼동),,일식,"자동결제,단체",
rAbHfrUw6wBuX0FwekTnfQ,하마다 도산점,서울특별시 강남구 선릉로153길 32 1층,,일식,"예약금 0원 결제,콜키지,발렛",
NdtTgeihc5a7RVsgkwEUWQ,멘츠루 강남점,서울특별시 강남구 강남대로102길 13 2층 멘츠루 (역삼동),,일식,"단체,아기의자,무선인터넷",강남 회식 맛집
PuwHFDph2YHjIUMmZJ1spw,페피트(PEPITE),서울특별시 강남구 도산대로85길 25 1층 101호,,일식,"발렛,단체,예약금 0원 결제,콜키지,대관","모임 추천 맛집,9월 캐치위크,리미티드위크,앵콜 리미티드"
Y9urJ5nBkKEfGmBcWY0zFA,나이스샤워 선릉역점,서울특별시 강남구 선릉로86길 26 지상 2층 202호,,일식,"대관,자동결제,단체,대기공간,무선인터넷,콜키지","소비쿠폰 사용 가능,첫 예약 할인"
1WKytgu3DAyDM9hmCTeDNw,히키니쿠토코메 도산,서울특별시 강남구 선릉로155길 21 2층,,일식,"노키즈존,예약금 0원 결제","코카-콜라 레드리본 맛집 2024 서울편,8월 저장 TOP 30,2024 BEST,12월 저장 TOP 30,2025 레드리본 전국의 맛집"
s34sZtUwJY5GtqJcFp0qjQ,키고,서울특별시 강남구 삼성로149길 13,,"일식,가이세키오마카세","노키즈존,예약금 0원 결제,발렛,콜키지,대관",모임 추천 맛집
mLluihaWZljmgI-yGr7WXg,오젠,"서울특별시 강남구 도산대로66길 13, 1층",,"일식,가이세키오마카세","자동결제,단체,예약금 0원 결제,발렛,콜키지,대관","발렌타인 맛집,화이트데이 맛집,가정의달 맛집,모임 추천 맛집,첫 예약 할인,앵콜 리미티드,라스트 찬스"
QRdazeriwJrhazPlEtzTJA,스시 소우 sou 蒼,서울특별시 강남구 선릉로 816 지하1층,,"일식,스시,초밥,스시오마카세","발렛,단체,대기공간,무선인터넷,콜키지,대관",예약 성공 보장
MOaZGsEBjTSUvgXE91x2cg,스시 렌쇼,서울특별시 강남구 선릉로148길 48-9 3층,,"일식,스시,초밥,스시오마카세","발렛,예약금 0원 결제,전문 소믈리에,콜키지,대관",첫 예약 할인
ZSEEu8MLkkJkjirx40CslQ,정대 JUNGDAE,서울특별시 강남구 도산대로 501 1층 102호 (청담동),,"일식,스시오마카세","발렛,예약금 0원 결제,콜키지","광화문 회식 맛집,모임 추천 맛집,Taste of Seoul"
-FaudYSBC2OSMrSMCNjiIg,스시미나미,서울 강남구 학동로 401 금하빌딩 B1,,"일식,스시오마카세","주차,자동결제,무선인터넷,콜키지",포인트 혜택
yzIMl-u71ShjJwr5HctW8Q,수다 대치점,서울특별시 강남구 선릉로86길 37 덕우빌딩 2층,,"일식,이자카야","웰컴키즈존,단체,무선인터넷,콜키지",
GxKTtkbO9HNHzhi8HHIvig,스시산원 반주헌,서울특별시 강남구 테헤란로4길 6 강남역 센트럴 푸르지오 시티 지하2층 224호,,"일식,이자카야","예약금 0원 결제,주차,단체,무선인터넷,콜키지",강남 회식 맛집
nBt0xImeEmUvyA5losAQmw,수다 삼성 1호점,서울특별시 강남구 테헤란로87길 53,,"일식,이자카야","단체,발렛,콜키지",모임 추천 맛집
KfEn0Rzqji3Qd111ajKzLA,수다 삼성 2호점,서울특별시 강남구 삼성로100길 23-13,,"일식,이자카야","발렛,단체,무선인터넷,웰컴키즈존,콜키지",모임 추천 맛집
-6XygH78Mk5OGvYPJ1wSQw,와라야키 쿠이신보 신사,서울특별시 강남구 도산대로15길 6 대화빌딩 1층,,"일식,이자카야","발렛,콜키지",산토리 하이볼명가100
13VAyiCWLTpxNhI9PnQZEg,이자카야나무 대치점,서울특별시 강남구 선릉로86길 37 덕우빌딩 지하1층,,"일식,이자카야","위스키 주문,단체,콜키지","소비쿠폰 사용 가능,위스키 페어링 맛집,국내 최저가 위스키"
9c7aIo-CtmLV4xdE-FHkrA,이자카야미주 본점,서울특별시 강남구 테헤란로88길 17 세안빌딩 지하1층,,"일식,이자카야","무선인터넷,예약금 0원 결제,주차,자동결제,단체,콜키지,대관","위스키 페어링 맛집,첫 예약 할인"
eeSHyTtGJQSqXd-XNZqC5A,다이닝 룸이자카야 호랑,서울특별시 강남구 선릉로90길 62 서원빌딩 지상 2층,,"일식,이자카야","주차,자동결제,예약금 0원 결제,콜키지,단체,대관",포인트 혜택
VaxARx0uB6n_wnFOpGYk5w,슈하이,서울특별시 강남구 학동로53길 29 1층,,"일식,주점,이자카야","노키즈존,예약금 0원 결제",
GZxlBuCzv-mOaEr3QudL4g,지칸 삼성2호점,서울특별시 강남구 봉은사로111길 18,,"일식,주점,이자카야","예약금 0원 결제,대관,주차,노키즈존,와인주문,자동결제,단체,무선인터넷,콜키지","가정의달 맛집,예약 성공 보장,모임 추천 맛집,첫 예약 할인,꽃 주문 서비스 ,9월 캐치위크,빗썸 행운 맛집,캐치포인트 적립,라스트 찬스"
4PIBBFoAuFgDWJohJzBxgQ,준 이자카야 신사본점,서울특별시 강남구 도산대로11길 31-6 1층,,"일식,주점,이자카야","예약금 0원 결제,노키즈존,반려동물,발렛,자동결제,단체,대기공간,무선인터넷,콜키지,대관","첫 예약 할인,캐치포인트 적립"
pvxzneV6vUqqZqQCoOTfjQ,로지,서울특별시 강남구 도산대로49길 10-3 1층,,"일식,주점,이자카야","콜키지 프리,발렛,단체,대기공간,무선인터넷,콜키지,대관",콜키지 프리 이벤트
JWykO-xJr_XA6owWWhhJWg,히키 본점,서울특별시 강남구 선릉로148길 40,,"일식,주점,이자카야,요리주점","주차,반려동물,발렛,발렛,자동결제,단체,무선인터넷",
FsOxciEwg66xJGAygoSQ9Q,카츠&야키토리찬 역삼본점,서울특별시 강남구 논현로98길 7 1층,,"일식,주점,이자카야,요리주점","주차,반려동물,자동결제,무선인터넷,콜키지,대관",
uVzDsf1Vi0uR6amX7_CS-g,장정정 선릉 본점,서울특별시 강남구 선릉로82길 15 1층,,"일식,주점,이자카야,요리주점","단체,무선인터넷",리미티드위크
ZHfsYglZupG_r9Nwc_zPGg,이자카야 겐,서울특별시 강남구 언주로 557 시티프라디움 더 강남 101동 1층,,"일식,주점,이자카야,요리주점","주차,콜키지 프리,반려동물,자동결제,단체,아기의자,무선인터넷,웰컴키즈존,콜키지,대관",예약 성공 보장
tLfQeQ-2F0MAw7zjo3d-jQ,란주쿠,서울특별시 강남구 봉은사로82길 31 예논빌딩 1층,,"일식,주점,회,사시미,이자카야","장애인 편의시설,대관,발렛,단체,대기공간,무선인터넷,전문 소믈리에",모임 추천 맛집
XhWY83fA6_zS6giLDPxU8A,춘풍월 ,"서울특별시 강남구 압구정로29길 71  현대상가2동 104호,105호",,"일식,주점,회,사시미,이자카야","단체,위스키 주문,주차,무선인터넷,콜키지","위스키 페어링 맛집,꽃 주문 서비스 ,국내 최저가 위스키"
xt0E1EMKSKLxdO55Aqm1xA,스시이도 청담점,서울특별시 강남구 영동대로 715 지하1층(청담동),,"일식,해물,생선요리,스시,초밥,스시오마카세","주차,단체,무선인터넷,콜키지,대관",
fE10Mv8RxzNj_MlJ7I0Tew,오오키,서울특별시 강남구 논현로124길 27 1층 101호,,"일식,해물,생선요리,스시,초밥,스시오마카세","주차,예약금 0원 결제,콜키지,대관",
lS8acEqEROOKKSCX1sqTew,스시도,서울특별시 강남구 개포로 662 금산빌딩 101호,,"일식,해물,생선요리,스시,초밥,스시오마카세","노키즈존,장애인 편의시설,단체,무선인터넷,예약금 0원 결제,콜키지",
e3uLB5rBS35njufZ0hxNEA,스시카이신,서울특별시 강남구 도산대로100길 12 우리빌딩 (2층),,"일식,해물,생선요리,스시,초밥,스시오마카세","예약금 0원 결제,발렛,무선인터넷","[VJ특공대] ,소비쿠폰 사용 가능,모임 추천 맛집"
eocTF-aO8Chsyj0H_xTVBg,스시히로아키,서울특별시 강남구 도곡로3길 27 동일빌딩 지하 1층,,"일식,해물,생선요리,스시,초밥,스시오마카세","자동결제,예약금 0원 결제,노키즈존,콜키지,대관","강남 회식 맛집,첫 예약 할인"
hcaKJ-ZUCdk-r0HBwufP_g,스시유키,서울특별시 강남구 논현로164길 25 1층,,"일식,해물,생선요리,스시,초밥,스시오마카세","레터링,발렛,단체,무선인터넷,예약금 0원 결제,콜키지,대관",꽃 주문 서비스 
KCUgFdqw8EM-OnRthIY_pQ,스시사이토 쥬욘,서울특별시 강남구 압구정로75길 30 2층,,"일식,해물,생선요리,스시,초밥,스시오마카세","예약금 0원 결제,발렛,단체,무선인터넷,콜키지,대관",모임 추천 맛집
SNOQJ5PLTN83dEduN23FGw,더나인클럽,서울특별시 강남구 압구정로42길 23 1층,,"일식,해물,생선요리,스시,초밥,스시오마카세","노키즈존,대기공간,예약금 0원 결제,레터링,발렛,무선인터넷,콜키지,대관","발렌타인 맛집,화이트데이 맛집"
NE01a99KC78ZPEvK7UYxZw,타쿠미곤,서울특별시 강남구 도산대로58길 14 2층,"점심,저녁,VIP 룸,temp,temp,temp,쇼세이,쇼라쿠,점심,저녁","일식,해물,생선요리,스시,초밥,스시오마카세","예약금 0원 결제,노키즈존,무선인터넷,콜키지","방탄소년단 방문,모임 추천 맛집"
2YEMwTGBXZv0S-fOi-_tdw,스시 오오타니,"서울특별시 강남구 선릉로148길 14 베리굿빌딩 2층(청담동, 베리굿빌딩)",,"일식,해물,생선요리,스시,초밥,스시오마카세","노키즈존,레터링,발렛,자동결제,단체,무선인터넷,예약금 0원 결제,콜키지,대관","예약 성공 보장,모임 추천 맛집,첫 예약 할인,꽃 주문 서비스 ,캐치포인트 적립"
wgpAgSZb_j0xwhlJT3vlwA,스시이찌 선릉점,서울특별시 강남구 테헤란로63길 9 삼성동 롯데캐슬 클라쎄 2층 203호,,"일식,해물,생선요리,스시,초밥,스시오마카세","주차,노키즈존,자동결제,단체,무선인터넷,위스키 주문,예약금 0원 결제,콜키지,대관","위스키 페어링 맛집,가정의달 맛집,소비쿠폰 사용 가능,첫 예약 할인,포인트 혜택,국내 최저가 위스키"
jRLzOWdqQNJjfTbc5vqZNg,스시아오타,서울특별시 강남구 선릉로145길 5-12 상조빌딩 1층,,"일식,해물,생선요리,스시,초밥,스시오마카세","자동결제,예약금 0원 결제,발렛,콜키지,대관","첫 예약 할인,캐치포인트 적립"
qhOOBQffFplI7newifC7QQ,히까리 ,서울특별시 강남구 강남대로 506 광명빌딩  2층,,"일식,해물,생선요리,스시,초밥,스시오마카세,가이세키오마카세","예약금 0원 결제,발렛,콜키지,대관",
bJs1F_r5ajDgZ9jL4xUOTA,코부네,서울특별시 강남구 언주로 615 아이파크 1층 102호,,"일식,해물,생선요리,스시,초밥,스시오마카세,가이세키오마카세","노키즈존,예약금 0원 결제,주차,콜키지,대관",앵콜 리미티드
F7NTbiki-l5e9wd9FsRueA,오사 청담 OSA Cheongdam,서울특별시 강남구 선릉로152길 37 청담동 올리브빌딩 2층,,"일식,해물,생선요리,육류,고기요리,회,사시미,스시,초밥,와인,이자카야","주차,반려동물,발렛,자동결제,단체,대기공간,무선인터넷,예약금 0원 결제,콜키지,대관","모임 추천 맛집,첫 예약 할인,캐치포인트 적립,앵콜 리미티드"
JcKty2vk7_dWnFxHuI3mbQ,갓포 카린 (KARIN),서울특별시 강남구 선릉로155길 12 웬즈데이빌딩 4층,,"일식,해물,생선요리,육류,고기요리,회,사시미,스시,초밥,와인,이자카야","발렛,자동결제,단체,대기공간,무선인터넷,예약금 0원 결제,콜키지","첫 예약 할인,캐치포인트 적립"
tRfNfEO4zcoPiMW85GUqIA,스시 시미즈,서울특별시 강남구 언주로152길 11-3 지하1층,,"일식,해물,생선요리,회,사시미,스시,초밥,스시오마카세","예약금 0원 결제,발렛,단체,콜키지,대관",
euYxK_Z-DuVrEl74arXqkg,스시렌,서울특별시 강남구 선릉로146길 27-8 2층,,"일식,해물,생선요리,회,사시미,스시,초밥,스시오마카세","노키즈존,단체,무선인터넷,예약금 0원 결제,발렛,콜키지,대관",모임 추천 맛집
LSi51SUOludeoidZLOEgqw,센도수산 도곡점,서울특별시 강남구 논현로38길 22 2층,,"일식,해물,생선요리,회,사시미,이자카야,가이세키오마카세","콜키지,발렛,단체,무선인터넷",
sPq9p2kA4wSvuoqduYkqnQ,지칸 삼성1호점,서울특별시 강남구 삼성로107길 33,,"일식,해물,생선요리,회,사시미,이자카야,가이세키오마카세","주차,예약금 0원 결제,대관,노키즈존,와인주문,자동결제,단체,무선인터넷,콜키지","청하 방문,예약 성공 보장,모임 추천 맛집,첫 예약 할인,꽃 주문 서비스 ,9월 캐치위크,빗썸 행운 맛집,리미티드위크,앵콜 리미티드"
m8oiR9MqweDiDoTwQulpjQ,유다까,서울 강남구 봉은사로 312 1층,,"일식,회,사시미,스시,초밥","발렛,자동결제,예약금 0원 결제,단체,무선인터넷,대관",
k7-iJRVlnrMcoV2JiRsuFg,도란,서울특별시 강남구 영동대로 22 디에이치 자이 개포 2층,,"일식,회,사시미,스시,초밥","주차,콜키지,장애인 편의시설,자동결제,단체,대기공간,무선인터넷",첫 예약 할인
Wg_bJwsIxjNN-QDCJ9R-6Q,청담이상 블랙 압구정로데오점,서울특별시 강남구 도산대로49길 41 지하1층,,"일식,회,사시미,이자카야","노키즈존,발렛,예약금 0원 결제,콜키지,대관,단체,무선인터넷",
AATVkODoV0LALyd7LX6PqA,천공,서울특별시 강남구 언주로172길 54 2층 (신사동),,"일식,회,사시미,이자카야","반려동물,발렛,콜키지",
51D0FPSObdS9ucV6_gVGPA,사케리아잇콘,서울특별시 강남구 언주로170길 28 소망빌딩 2층,,"일식,회,사시미,이자카야","노키즈존,발렛,콜키지",
PLHANGCt_TNxoF34WRWvEw,갓포우오 신사점,서울특별시 강남구 강남대로156길 12 다복빌딩 1층,,"일식,회,사시미,이자카야","예약금 0원 결제,발렛,단체,콜키지,대관","1월 저장 TOP 30,2월 저장 TOP 30,파퀴아오 선수 방문"
_G6ODJBYM4FGZXOOcrpVpw,아카라,서울특별시 강남구 봉은사로43길 14 1층,,"일식,회,사시미,이자카야","주차,콜키지,무선인터넷",[맛있는녀석들] 
FBsttr9cYF7uWK8oSkPHhw,아리노마마,서울특별시 강남구 도곡로63길 20 수정빌딩,,"일식,회,사시미,이자카야","주차,자동결제,콜키지,단체,무선인터넷,대관",첫 예약 할인
Yia2V-bOz7hJJoC8O0cYkQ,청사포 울림,서울 강남구 언주로150길 50 1층,,장어 요리,"발렛,자동결제,단체,무선인터넷,콜키지,대관",
VFqnw1UURLF5516NmdKKkQ,풍천가 강남직영점,서울특별시 강남구 언주로93길 30 역삼빌딩 지하1층,,장어 요리,"반려동물,발렛,자동결제,단체,아기의자,대기공간,무선인터넷,웰컴키즈존,대관",예약 성공 보장
G2_7xCPGarXODqpk8O_cYg,누앙스 와인바,서울특별시 강남구 압구정로72길 7 1층,,"주점,와인","콜키지 프리,주차,레터링,반려동물,단체,무선인터넷,웰컴키즈존,콜키지,대관",
5fzxTtAmYoPyK4znSOk-TA,맥클린 McLean,서울특별시 강남구 도산대로66길 19 1층,,"주점,와인","발렛,전문 소믈리에,콜키지,대관",
Arb-k8dkuuGWY7cNvUTsrg,레 꼬빵,서울 강남구 도산대로70길 24 지하 1층,,"주점,와인","자동결제,예약금 0원 결제,발렛,단체,무선인터넷,전문 소믈리에,콜키지,대관","Taste of Seoul,첫 예약 할인"
T8YG6ReLmvHH42dysvc-eA,라운지많,서울특별시 강남구 학동로1길 11 2층,,"주점,와인,칵테일,위스키,다이닝바","주차,단체,무선인터넷,콜키지,대관",
F01fkQA5zkOeBoKVB9DQNw,칼바도스 가든,서울특별시 강남구 선릉로148길 52-8 지하1층,,"주점,와인,칵테일,위스키,다이닝바","노키즈존,반려동물,발렛,단체,대기공간,무선인터넷,전문 소믈리에,대관",
2ye-pDy6MV1wmOGi6vu_og,영동포차,서울특별시 강남구 학동로2길 51 2층,,"주점,요리주점","주차,반려동물,단체,무선인터넷,대관",
9m2wnFEA10Phwz1p_fRvxw,부엉이산장 강남점,서울특별시 강남구 테헤란로1길 28-11 1층,,"주점,요리주점","자동결제,단체,대기공간,무선인터넷",예약 성공 보장
A497B0fZMWVJQLuZQ3VtpQ,미스터 칠드런 바,서울특별시 강남구 도산대로55길 43 세정빌딩 지하1층,,"주점,칵테일,위스키","노키즈존,자동결제,단체,무선인터넷,대관",
fC8WQ6aCiYGqQZUT1rmdWg,바 오후 역삼점,서울특별시 강남구 역삼로1길 20 지하1층,,"주점,칵테일,위스키","노키즈존,반려동물,발렛,대기공간,무선인터넷,대관","리미티드위크,앵콜 리미티드"
VXLdYfMUH_O-xJrVcUhD4g,첼시스하이볼 가로수길점,서울특별시 강남구 도산대로15길 47 1층,,"주점,칵테일,위스키","발렛,예약금 0원 결제,콜키지,단체,무선인터넷,대관",산토리 하이볼명가100
1foGkdlU_6qLwY1b3CWCUA,소원(SOONE),서울특별시 강남구 언주로168길 32 4층,,"주점,칵테일,위스키","발렛,반려동물,단체,대관",위스키 페어링 맛집
7V_Jz-hcxvZyFHR-ZPFriw,바티센트,서울특별시 강남구 선릉로162길 16 1층,,"주점,칵테일,위스키","주차,발렛,발렛,자동결제,단체,무선인터넷",포인트 혜택
kRIVUhtk84mMJt04fFDetQ,소호라운지 서울,서울특별시 강남구 선릉로155길 29 지하1층,,"주점,칵테일,위스키,다이닝바","단체,무선인터넷",
MTOWukDchFk3gj9ZGsAbPA,엠엠에스,서울특별시 강남구 도산대로49길 32-1 1층,,"주점,칵테일,위스키,다이닝바",무선인터넷,
A-yBKvkqgvFABlJwKBC0TQ,사유의서재,서울특별시 강남구 강남대로98길 11 메트로 빌딩 5층,,"주점,파스타,스테이크,립,와인","콜키지 프리,자동결제,예약금 0원 결제,주차,와인주문,단체,무선인터넷,전문 소믈리에,콜키지,대관","위스키 페어링 맛집,강남 회식 맛집,포인트 혜택"
fNj1oOANm0DQKYglVE6YLQ,바코드플러스,서울특별시 강남구 논현로85길 47 2층,,"주점,파스타,스테이크,립,와인","자동결제,예약금 0원 결제,발렛,단체,무선인터넷,전문 소믈리에,콜키지,대관","콜키지 프리 이벤트,예약 성공 보장,첫 예약 할인,빗썸 행운 맛집"
FG0H5gykQIBweY77UKajIA,수지웡(suzie wong),서울특별시 강남구 도산대로49길 36 2층,,중식,"예약금 0원 결제,발렛,단체,무선인터넷,콜키지,대관",
8eoOkMTpCmoGIpj5jJGfjA,홍콩507,서울특별시 강남구 테헤란로 147 성지하이츠Ⅱ 지하110호,,중식,"주차,장애인 편의시설,반려동물,자동결제,단체,무선인터넷",
GRy72UMeQQrKEvUsNAmYkw,딩딤1968 신사가로수길 한국본점,서울특별시 강남구 강남대로160길 27 1층,,중식,"콜키지,발렛,무선인터넷",
3a4bBeoVMyLuf86oDtolAw,시추안하우스 삼성점,서울특별시 강남구 테헤란로87길 29 M TOWER  1층,,중식,"대기공간,발렛,단체,콜키지","[맛있는녀석들] ,스텔라 인증 BEST 생맥주,코카-콜라 레드리본 맛집 2024 서울편,2025 레드리본 전국의 맛집,모임 추천 맛집"
S7Qh1FxFaOQZz21XF-9R0g,동방미식,서울특별시 강남구 논현로106길 18 1층,,중식,콜키지,모임 추천 맛집
7mKHYExXNTzI6_Eq_z3Ghw,화주요정,"서울특별시 강남구 압구정로54길 4 1,2층",,중식,"주차,반려동물,단체,대관",박성웅 방문
_fGlHhW-3xdY-kQ7QGlhaA,하카 (HAKKA),서울특별시 강남구 도산대로49길 6-10 1층,,중식,"자동결제,단체,예약금 0원 결제,발렛,무선인터넷,콜키지,대관",첫 예약 할인
JpHeyIA2agJ0a5r3-0RG3w,골드피쉬 딤섬퀴진,서울특별시 강남구 압구정로48길 35  투구빌딩 2층,,중식,"단체,아기의자,대기공간,예약금 0원 결제,발렛,자동결제,무선인터넷,웰컴키즈존,콜키지,대관","코카-콜라 레드리본 맛집 2024 서울편,2025 레드리본 전국의 맛집,첫 예약 할인"
1m930fV_QpU4YRqy_aSl8w,팀호완 강남역점,"서울특별시 강남구 테헤란로1길 29 지하1층, 지상1층",,중식,"콜키지,단체,대기공간","코카-콜라 레드리본 맛집 2024 전국편,모임 추천 맛집"
7oRgAo6z8GlaKO1x4iN5Lw,로해,서울특별시 강남구 영동대로129길 20,,카페,"주차,예약금 0원 결제,대관",
0EwNMSQOnTzaHDaxUzSKAw,아도 티하우스 계영배점,서울특별시 강남구 언주로173길 16 5층,,카페,"자동결제,단체,무선인터넷,전문 소믈리에,대관",예약 성공 보장
aQFqSgf1iDAZCeibrNs9AA,트리아농 [Treeanon]  청담,서울특별시 강남구 학동로59길 43,,"카페 & 베이커리,카페","단체,무선인터넷,대관",예약 성공 보장
NSjYKMPUCAkgabKeu69U6A,스탠다드시스템,서울특별시 강남구 선릉로148길 48-5 B1,,"카페 & 베이커리,카페","발렛,자동결제,무선인터넷,예약금 0원 결제,대관",첫 예약 할인
CqvMB6dOJ2mtDMLiubmprQ,고든앤맥페일 바&플래그쉽 스토어,서울특별시 강남구 논현로175길 6 2층,,"칵테일,위스키","자동결제,예약금 0원 결제,대관",
0ClG8xSxc3M7L36HRh8oDw,그랜드머큐어 임피리얼 팰리스 더 바,서울특별시 강남구 언주로 640 임피리얼 팰리스호텔 1층,,"칵테일,위스키","주차,발렛,노키즈존,단체,무선인터넷",
_wSm07b_35yn-VBP4xcEmQ,더믹스랩,서울특별시 강남구 가로수길 19 지하1층,,"칵테일,위스키","주차,대관,단체,무선인터넷",
1nbDvxOxMjdMtwzAKPfd5Q,제스트,서울특별시 강남구 도산대로55길 26 하늘빌딩 1층,,"칵테일,위스키","예약금 0원 결제,노키즈존,발렛,단체,무선인터넷,웰컴키즈존","Taste of Seoul,위스키 페어링 맛집,Taste of Seoul,Taste of Seoul"
1HjhNz0vnC42J5H7Xf1CJw,바쿠스,서울특별시 강남구 도산대로51길 33 지하1층,,"칵테일,위스키,다이닝바","주차,주차,발렛,발렛,자동결제,단체,무선인터넷",
r_WkPsh59r4a54Cfvt97iw,비랩 강남점,서울특별시 강남구 강남대로98길 10 2층 비랩,,"칵테일,위스키,다이닝바","자동결제,단체,무선인터넷,대관",예약 성공 보장
RlqepOwf9eIMgO1ufRJVZQ,류니끄,"서울특별시 강남구 도산대로45길 8-1 1, 2층",,"코스요리,컨템포러리,파인다이닝","예약금 0원 결제,노키즈존,레터링,발렛,단체,무선인터넷,전문 소믈리에,콜키지,대관","Michelin Guide Selection,미쉐린가이드 서울 2025,위스키 페어링 맛집,발렌타인 맛집,화이트데이 맛집,가정의달 맛집,첫 예약 할인"
95K-_wJ-6j2SDhUSE1zUpw,알라프리마,"서울특별시 강남구 학동로17길 13 인본, 1층",,"코스요리,컨템포러리,파인다이닝","노키즈존,단체,예약금 0원 결제,콜키지,레터링,발렛,전문 소믈리에,대관","Taste of Seoul,2스타 미쉐린가이드 서울 2025,Michelin Guide Selection,Taste of Seoul,Asia's 50 Best,Taste of Seoul,리미티드위크,앵콜 리미티드"
ZJ_NsicgjbvR0Oe1RnPF3Q,티티그릴,서울 강남구 논현로152길 37 1층,,태국음식,"발렛,무선인터넷",
f6lLUbk-_-x16fGbb0inLw,타이 엘리펀트,서울특별시 강남구 강남대로84길 33 대우디오빌플러스 지하1층 103호,,태국음식,"주차,반려동물,단체,무선인터넷,예약금 0원 결제,대관",
B5kaeVysSNxZWTFgZYH13g,우멤버,서울특별시 강남구 선릉로100길 34 남영빌딩 지하1층,,"파인다이닝,육류,고기요리,한우오마카세,소고기구이","주차,콜키지 프리,장애인 편의시설,자동결제,예약금 0원 결제,전문 소믈리에,웰컴키즈존,발렛,단체,아기의자,무선인터넷,콜키지,대관","10월 히든플레이스 선정,11월 히든플레이스 선정,12월 히든플레이스 선정,첫 예약 할인,캐치포인트 적립"
xMIjMePGHxGSNPNe3jik7g,우시야 역삼점,서울특별시 강남구 언주로98길 12 1층,,"파인다이닝,육류,고기요리,한우오마카세,소고기구이","주차,자동결제,예약금 0원 결제,와인주문,단체,무선인터넷,콜키지,대관","소비쿠폰 사용 가능,첫 예약 할인,꽃 주문 서비스 "
3nDOU0jNEXGRpHYmbLQVCQ,스시나미키,서울특별시 강남구 학동로 338 강남파라곤 S동 1층,"DINNER,LUNCH,temp,temp,카운터 오마카세,카운터 오마카세,테이블 / 룸 스시코스,테이블 / 룸 스시코스","파인다이닝,일식,해물,생선요리,스시,초밥,스시오마카세","예약금 0원 결제,주차,무선인터넷,콜키지",
AJr1uozX8otsx-h4QlwQ5g,하네,서울특별시 강남구 언주로172길 14 1층 하네,,"파인다이닝,일식,해물,생선요리,스시,초밥,스시오마카세","발렛,노키즈존,무선인터넷,콜키지","Taste of Seoul,1스타 미쉐린가이드 서울 2025,Michelin Guide Selection,Taste of Seoul"
2gZr3nLCl9DP4LCRLswXKQ,스시오마주,서울특별시 강남구 강남대로152길 67 지하 1층,,"파인다이닝,일식,해물,생선요리,스시,초밥,스시오마카세","발렛,자동결제,예약금 0원 결제,콜키지","가정의달 맛집,리미티드위크,캐치포인트 적립,앵콜 리미티드,포인트 혜택"
jEnRpqluA719LQjVbqMjfQ,스시 결,서울특별시 강남구 선릉로 758 2층,,"파인다이닝,일식,해물,생선요리,스시,초밥,스시오마카세","노키즈존,예약금 0원 결제,주차,발렛,무선인터넷,콜키지",모임 추천 맛집
xcsJ7JLMjOKGr_qgsR2EQg,스시쇼우키,서울특별시 강남구 언주로93길 22-5 1층,,"파인다이닝,일식,해물,생선요리,스시,초밥,스시오마카세","주차,위스키 주문,예약금 0원 결제,노키즈존,자동결제,무선인터넷,콜키지,대관","위스키 페어링 맛집,첫 예약 할인,노르웨이 연어 위크,포인트 혜택,국내 최저가 위스키"
NGhS20HQUR6GBno7Yn9cdw,육구공,서울특별시 강남구 도산대로15길 16 2층,,"퓨전음식,중식","위스키 주문,단체,무선인터넷","6월 줄서는 맛집,국내 최저가 위스키"
pHnb6o2OcVv_zvSyp29aWQ,웍셔너리,서울특별시 강남구 도산대로53길 12 1층,,"퓨전음식,중식","발렛,웰컴키즈존,무선인터넷","콜키지 프리 이벤트,국내미식여행"
Zw2JbVbs6pTn5sEE1xcc1w,풍작코다리,서울특별시 강남구 광평로 246 1층,,한식,"주차,자동결제,단체,무선인터넷",
XP_z6cOiMmvyZdS11En_Gg,선화당,서울 강남구 삼성로104길 11 3층,,한식,"주차,자동결제,대기공간,무선인터넷,콜키지",
nOg73jUHO6CYtsG-xoPrrQ,휴135 다온반상,서울특별시 강남구 압구정로 165 현대백화점본점 5층,,한식,"주차,웰컴키즈존,단체","Taste of Seoul,2025 레드리본 전국의 맛집"
w5kdJ0JUQhtfnHHSwsVswA,주신당 강남역 강남점,서울특별시 강남구 강남대로96길 9  지하1층,,한식,"주차,자동결제,단체,아기의자,무선인터넷,대관,웰컴키즈존,콜키지","가정의달 맛집,6월 줄서는 맛집,강남 회식 맛집,당일 30% 할인,위스키 페어링 맛집,국내미식여행,모임 추천 맛집,첫 예약 할인,꽃 주문 서비스 ,9월 캐치위크,빗썸 행운 맛집,리미티드위크,캐치포인트 적립,앵콜 리미티드"
2wChnN-GXQS0AtjHJConXw,봉스테이크,서울특별시 강남구 강남대로96길 11 1층,,한식,"콜키지 프리,자동결제,단체,무선인터넷,콜키지",예약 성공 보장
3qCrhPpqiw4yoXO96ZfAcQ,모락정원,서울특별시 강남구 언주로94길 5 1층,,한식,"주차,콜키지 프리,장애인 편의시설,자동결제,단체,무선인터넷,예약금 0원 결제,콜키지,대관","예약 성공 보장,첫 예약 할인,리미티드위크,앵콜 리미티드,포인트 혜택"
Kbuge0vY-4vfBc89kDTnHA,청담 미미계,서울특별시 강남구 학동로77길 20,,"한식,닭 요리","주차,자동결제,단체,무선인터넷,대관",
c6qH7sOdhGlxPbwyuvaYzg,논현삼계탕 본점,서울특별시 강남구 도산대로 167 고알레 사옥,,"한식,닭 요리","발렛,자동결제",
FHLD6i6p7ZxiRLE8LnWSoQ,돼지고깃국 효 도곡본점,서울특별시 강남구 논현로26길 46-6 1층,,"한식,백반,가정식","자동결제,단체,아기의자,무선인터넷,웰컴키즈존,대관",
IhmBB2zjHXxDBirC7_7qWg,남파고택 롯데백화점 강남점,서울특별시 강남구 도곡로 401 롯데백화점 지하 1층,,"한식,백반,가정식","웰컴키즈존,주차,단체",
mQm1rR5moUrPgoaY6enoaA,옥게장,서울특별시 강남구 도산대로15길 41 지하1층 B01호,,"한식,백반,가정식","자동결제,단체,아기의자,대기공간,무선인터넷,예약금 0원 결제,웰컴키즈존",첫 예약 할인
_MCHPNyQCPYGog2qfBosKw,도산족발&칼국수,서울특별시 강남구 도산대로45길 8-8 2층,,"한식,육류,고기요리","발렛,단체,무선인터넷,콜키지,대관",
EkESYEXo7NkGnk1esX5U8g,팔식당,서울특별시 강남구 도산대로90길 7 1층,,"한식,육류,고기요리","콜키지 프리,발렛,단체,무선인터넷,콜키지","코카-콜라 레드리본 맛집 2024 전국편,코카-콜라 레드리본 맛집 2024 서울편,2025 레드리본 전국의 맛집"
lVlv9Df6pOPhT6LMYxj7oA,청기와타운 선릉점,서울특별시 강남구 테헤란로64길 24 Global Takson 빌딩 지하1층,,"한식,육류,고기요리,소고기구이","콜키지 프리,단체,콜키지",
zCp0d9gXc6npfw0iwIslRQ,뚝심한우 선릉역점,서울특별시 강남구 테헤란로 410 금강타워 지하 1층,"뚝심한우 숯불구이 MENU,구이 후 식사 MENU,LUNCH MENU,LUNCH SET MENU,SPECIAL MENU,temp,temp,temp,temp,등심 양념구이 세트,구이세트,살치살 150g,드라이에이징 150g,된장죽,된장찌개와 밥,우리쌀누룽지와 된장찌개,진메밀비빔냉면,한우라면,맑은 가리비 백합탕,진메밀비빔냉면,한우국수전골,눈꽃모듬 150g,프리미엄모듬 150g,등심 150g,등심양념구이 150g,안심 150g,안창살 150g,생갈비 / 양념갈비 200g,진메밀물냉면,로스편채,아삼육회,한우채끝 육전,매콤갈비찜과 솥밥,무청시래기 솥밥과 된장찌개,한우육회비빔밥과 솥밥,진메밀물냉면,왕만두,홍탕,왕갈비탕,한우불고기전골,한우차돌된장찌개,한우국밥,2인세트,4인 세트,3인 세트,안심세트,등심세트","한식,육류,고기요리,소고기구이","콜키지 프리,주차,단체,무선인터넷,콜키지",
mQQA1jw3VKxD9s_sLizZag,진대감 도곡점,서울특별시 강남구 남부순환로 2722 삼원빌딩 1층,,"한식,육류,고기요리,소고기구이","주차,콜키지 프리,발렛,콜키지,단체",
ppqQbcTKVSynOQal1qTXbw,우텐더,"서울특별시 강남구 압구정로42길 25-10 1층, 2층",,"한식,육류,고기요리,소고기구이","예약금 0원 결제,반려동물,발렛,단체,무선인터넷,콜키지,대관","[수요미식회] ,위스키 페어링 맛집,농심면가 60,가정의달 맛집,국내미식여행"
EdWxU0EIrD4Ea7P-_yPicQ,바른고기정육점 강남점,서울특별시 강남구 테헤란로 110 켐브리지 강남빌딩 지하1층,"바른 고기,저녁,점심,한우 셀렉션,temp,temp,temp,정육점 별미 한상,temp,토시살,한우 육회,계란찜,곱창 뚝배기,1++ 한우 생불고기 냉면 세트 180g,육즙 등심 냉면 세트 150g,1++ 한우 생불고기 180g,당면사리,육즙 등심 솥밥 세트 150g,냉면사리 (메밀면),맑은 한우 곰탕,공깃밥,한우 육회 비빔밥,한우 육회,곱창 뚝배기,안심,안심,갈비살,갈비살,명인 된장죽,칼칼한 한우 차돌 된장찌개,8시간 정성, 전남 진도 대파 육개장,치마살,치마살,든든한 한 그릇, 뚝배기 갈비탕,한우 차돌 깍두기 볶음밥,한우 차돌 깍두기 볶음밥,살치살,살치살,국산 팥 모나카 아이스크림,국산 팥 모나카 아이스크림,평양냉면,평양냉면,등심,육즙 등심,특등심,1++ 한우 생불고기 솥밥 세트 180g,세 가지 맛 등심,차돌박이,차돌박이,1++ 한우 생불고기 200g,평양비빔냉면,평양비빔냉면","한식,육류,고기요리,소고기구이","콜키지 프리,주차,와인주문,단체,무선인터넷,콜키지,대관","강남 회식 맛집,모임 추천 맛집"
OBanX7C5-YjJlB7T0qQC-g,도직한우,서울특별시 강남구 도산대로 511 2층,,"한식,육류,고기요리,소고기구이","아기의자,예약금 0원 결제,웰컴키즈존,발렛,단체,무선인터넷,콜키지,대관","박재범 방문,위스키 페어링 맛집,모임 추천 맛집"
4iBA5oAMGKZ9RlCtJ_Dz-Q,미우,서울특별시 강남구 압구정로 113-22 미성상가 지하 1층,,"한식,육류,고기요리,소고기구이","예약금 0원 결제,주차,단체,콜키지","월 빈자리 신청 2천+,코카-콜라 레드리본 맛집 2024 전국편,코카-콜라 레드리본 맛집 2024 서울편,2025 레드리본 전국의 맛집,리미티드위크,앵콜 리미티드"
EL97muwMPt1kn7PUmR9l4A,투뿔등심 강남점,서울특별시 강남구 테헤란로4길 6 강남역 센트럴 푸르지오 시티 2층,,"한식,육류,고기요리,소고기구이","주차,콜키지 프리,단체,무선인터넷,콜키지","위스키 페어링 맛집,모엣&샹동 베스트 맛집,강남 회식 맛집,모임 추천 맛집"
6EbZW42v8qAelYdO_LWVkw,우진가 더 챔버스 역삼점,서울특별시 강남구 테헤란로27길 28,,"한식,육류,고기요리,소고기구이","콜키지 프리,아기의자,예약금 0원 결제,발렛,단체,무선인터넷,전문 소믈리에,웰컴키즈존,콜키지,대관","위스키 페어링 맛집,모임 추천 맛집"
L4oaUunsiuxcWC-idlUZfw,우슴 강남논현 본점,서울특별시 강남구 강남대로122길 15 상당빌딩 1층,,"한식,육류,고기요리,전통주","주차,콜키지 프리,자동결제,대기공간,예약금 0원 결제,반려동물,단체,무선인터넷,콜키지,대관","1월 트래픽 급상승,첫 예약 할인"
EaB9-7aJWn7uw7sjlSEVdw,우목뭉티기,서울특별시 강남구 강남대로 520 영동빌딩 2층,,"한식,육류,고기요리,전통주","자동결제,콜키지 프리,단체,대기공간,무선인터넷,콜키지,대관",첫 예약 할인
Hjd9B6190IQY9wa1U29e8w,너마늘안동갈비,"서울특별시 강남구 선릉로94길 15 1층 108호, 109호, 110호, 111호, 112호",,"한식,육류,고기요리,찌개,전골,소고기구이","주차,단체,무선인터넷,콜키지",
mS6D5V1eawRR2LS36rRfbw,청담동 무등산,서울특별시 강남구 선릉로146길 3 승봉빌딩,,"한식,육류,고기요리,찌개,전골,소고기구이","콜키지 프리,발렛,단체,아기의자,대기공간,무선인터넷,웰컴키즈존,콜키지,대관",2025 레드리본 전국의 맛집
K07q8VSyPcnG6mt3-cQ0CA,서경한우프라자역삼점,"서울특별시 강남구 논현로 420 지상1층, 지상2층",,"한식,육류,고기요리,찌개,전골,소고기구이","주차,발렛,발렛,와인주문,단체,무선인터넷,위스키 주문,콜키지","위스키 페어링 맛집,국내 최저가 위스키"
DjvM_asYS6akllIMg8Ynsw,오와리포차 압구정점,서울특별시 강남구 선릉로161길 20 101호,,"한식,주점,요리주점","주차,단체,무선인터넷,콜키지,대관",
2pnDqg8ofkxyzk2qyX6Rsg,할매기름집 신논현점,서울특별시 강남구 학동로2길 56 원창빌딩 1층 104호,,"한식,주점,요리주점","자동결제,단체,무선인터넷,대관",예약 성공 보장
pzJlUOLiW_rWyUqgI-Gu2g,이자카야 인미소,서울특별시 강남구 선릉로157길 27-5 1층,,"한식,해물,생선요리","반려동물,자동결제,무선인터넷",
t2i7D-r-3lkCM94oxpjCcA,두어마리 삼성점,서울특별시 강남구 봉은사로114길 38 경인빌딩 1층 104호,,"한식,해물,생선요리","위스키 주문,주차,콜키지 프리,와인주문,자동결제,무선인터넷,콜키지","위스키 페어링 맛집,예약 성공 보장,모임 추천 맛집,첫 예약 할인,국내 최저가 위스키"
jQ3AIt8s4Jh_RJoB1rgszQ,미담재 역삼역점,서울특별시 강남구 논현로85길 5-11,,"한정식,한식","콜키지 프리,주차,단체,무선인터넷,콜키지,대관",
DidXsreOZka-FqF99svGYQ,동화고옥 선릉점,서울특별시 강남구 테헤란로 337 화남빌딩 14층,,"한정식,한식","콜키지 프리,레터링,와인주문,자동결제,단체,아기의자,웰컴키즈존,콜키지,대관","가정의달 맛집,소비쿠폰 사용 가능,국내미식여행,첫 예약 할인,캐치포인트 적립"
